หลักทรัพย์,บริษัท,ตลาด,กลุ่มอุตสาหกรรม,หมวดธุรกิจ,ที่อยู่,รหัสไปรษณีย์,โทรศัพท์,โทรสาร,เว็บไซต์,
2S,บริษัท 2 เอส เมทัล จำกัด (มหาชน),SET,สินค้าอุตสาหกรรม,เหล็ก และ ผลิตภัณฑ์โลหะ,8/5 หมู่ที่ 14 ตำบลท่าช้าง อำเภอบางกล่ำ สงขลา,90110,0-7480-0111,0-7480-1286,www.ss.co.th,
3BBIF,กองทุนรวมโครงสร้างพื้นฐานบรอดแบนด์อินเทอร์เน็ต สามบีบี,SET,เทคโนโลยี,เทคโนโลยีสารสนเทศและการสื่อสาร,เลขที่ 175 อาคารสาธรซิตี้ทาวเวอร์ ชั้น 7 ชั้น 21 และ ชั้น 26 ถนนสาทรใต้ แขวงทุ่งมหาเมฆ เขตสาทร กรุงเทพมหานคร,10120,0-2674-6488,0-2679-5996,https://www.3bb-if.com,
88TH,บริษัท 88(ไทยแลนด์) จำกัด (มหาชน),mai,สินค้าอุปโภคบริโภค,-,เลขที่ 48 ตรอก/ซอย สังคมสงเคราะห์ 8 ตำบล/แขวง ลาดพร้าว อำเภอ/เขต ลาดพร้าว กรุงเทพมหานคร,10230,0-2326-8888,-,www.88thailand.co.th,
A,บริษัท อารียา พรอพเพอร์ตี้ จำกัด (มหาชน),SET,อสังหาริมทรัพย์และก่อสร้าง,พัฒนาอสังหาริมทรัพย์,999 ถนนประดิษฐ์มนูธรรม แขวงสะพานสอง เขตวังทองหลาง กรุงเทพมหานคร,10310,"0-2798-9999, 1797",0-2798-9990,http://www.areeya.co.th,
A5,บริษัท แอสเซท ไฟว์ กรุ๊ป จำกัด (มหาชน),SET,อสังหาริมทรัพย์และก่อสร้าง,พัฒนาอสังหาริมทรัพย์,"เลขที่ 199 อาคาร เอส โอเอซิส ชั้นที่ 12 ห้องเลขที่ 1210, 1211, 1212 ถนนวิภาวดีรังสิต แขวงจอมพล เขตจตุจักร กรุงเทพมหานคร",10900,0-2026-3512,0-2026-3513,www.assetfive.co.th,
AAI,บริษัท เอเชี่ยน อะไลอันซ์ อินเตอร์เนชั่นแนล จำกัด (มหาชน),SET,เกษตรและอุตสาหกรรมอาหาร,อาหารและเครื่องดื่ม,55/2 หมู่ที่ 2 ถนนพระราม 2 ตำบลบางกระเจ้า อำเภอเมืองสมุทรสาคร สมุทรสาคร,74000,0-3484-5575-87,0-3484-5546,www.asianalliance.co.th,
AAV,บริษัท เอเชีย เอวิเอชั่น จำกัด (มหาชน),SET,บริการ,ขนส่งและโลจิสติกส์,222 ท่าอากาศยานดอนเมืองอาคารส่วนกลางชั้น 3 ห้อง 3200 ถ.วิภาวดีรังสิต แขวงสนามบิน เขตดอนเมือง กรุงเทพมหานคร,10210,0-2562-5700,0-2562-5705,http://www.aavplc.com,
ABM,บริษัท เอเชีย ไบโอแมส จำกัด (มหาชน),mai,ทรัพยากร,-,เลขที่ 99/9 ถนนพระรามที่ 2 แขวงแสมดำ เขตบางขุนเทียน กรุงเทพมหานคร,10150,0-2415-0054,0-2415-1102,www.asiabiomass.com,
ACAP,บริษัท เอเชีย แคปปิตอล กรุ๊ป จำกัด (มหาชน),mai,ธุรกิจการเงิน,-,เลขที่ 486 อาคาร E 2 ชั้นที่ 2 ถนนอ่อนนุช แขวงอ่อนนุช เขตสวนหลวง กรุงเทพมหานคร,10250,0-2666-9488,0-2666-9488 Press 9,www.acap.co.th,
ACC,บริษัท แอดวานซ์ คอนเนคชั่น คอร์ปอเรชั่น จำกัด (มหาชน),SET,ทรัพยากร,พลังงานและสาธารณูปโภค,944 อาคารมิตรทาวน์ ออฟฟิศ ทาวน์เวอร์ ชั้น 16 ถนนพระราม 4 แขวงวังใหม่ เขตปทุมวัน กรุงเทพมหานคร,10330,0-2219-1642,0-2219-1662,http://acc-plc.com,
ACE,บริษัท แอ๊บโซลูท คลีน เอ็นเนอร์จี้ จำกัด (มหาชน),SET,ทรัพยากร,พลังงานและสาธารณูปโภค,เลขที่ 140/6 อาคารไอทีเอฟ ทาวเวอร์ ชั้น 7 ถนนสีลม แขวงสุริยวงศ์ เขตบางรัก กรุงเทพมหานคร,10500,0-2233-2559,-,http://www.ace-energy.co.th,
ACG,บริษัท ออโตคอร์ป โฮลดิ้ง จำกัด (มหาชน),SET,สินค้าอุตสาหกรรม,ยานยนต์,เลขที่ 1111 หมู่ 1 ถนนมะลิวัลย์ ตำบลบ้านทุ่ม อำเภอเมือง ขอนแก่น,40000,0-4330-6444,0-4330-6448,www.autocorpgroup.com,
ADB,บริษัท แอ็พพลาย ดีบี จำกัด (มหาชน),mai,สินค้าอุตสาหกรรม,-,252 หมู่ 4 ถนนสุขุมวิท ตำบลแพรกษา อำเภอเมืองสมุทรปราการ สมุทรปราการ,10280,0-2709-4040-9,0-2323-9195,http://www.adb.co.th,
ADD,บริษัท แอดเทค ฮับ จำกัด (มหาชน),mai,บริการ,-,เลขที่ 1 อาคารเอ็มไพร์ทาวเวอร์ ชั้น 41 ห้องเลขที่ 4106-7 ถนนสาทรใต้ แขวงยานนาวา เขตสาทร กรุงเทพมหานคร,10120,0-2835-3957-8,0-2835-3959,https://www.addtechhub.com,
ADVANC,บริษัท แอดวานซ์ อินโฟร์ เซอร์วิส จำกัด (มหาชน),SET,เทคโนโลยี,เทคโนโลยีสารสนเทศและการสื่อสาร,"อาคารเอไอเอส ทาวเวอร์ 1, 414 ถนนพหลโยธิน แขวงสามเสนใน เขตพญาไท กรุงเทพมหานคร",10400,0-2029-5000,0-2029-5165,http://investor.ais.co.th,
ADVICE,บริษัท แอดไวซ์ ไอที อินฟินิท จำกัด (มหาชน),SET,บริการ,พาณิชย์,เลขที่ 74/1 หมู่ที่ 1 ตำบลท่าอิฐ อำเภอปากเกร็ด นนทบุรี,11120,0-2908-8888,-,www.advicepcl.co.th,
AE,บริษัท ออลล์ เอ็นเนอร์ยี่ แอนด์ ยูทิลิตี้ จำกัด (มหาชน),SET,ทรัพยากร,พลังงานและสาธารณูปโภค,เลขที่ 2106 อาคารแฟนทรี 4 ชั้น 4 ถนนสุขุมวิท แขวงพระโขนงใต้ เขตพระโขนง กรุงเทพมหานคร,10260,0-2741-5700,0-2741-5724,www.aeu.co.th,
AEONTS,บริษัท อิออน ธนสินทรัพย์ (ไทยแลนด์) จำกัด (มหาชน),SET,ธุรกิจการเงิน,เงินทุนและหลักทรัพย์,"อาคารเอ็กเชน ทาวเวอร์ ชั้น 27, 388 ถนนสุขุมวิท แขวงคลองเตย เขตคลองเตย กรุงเทพมหานคร",10110,"0-2665-0123,0-2302-4400",-,www.aeon.co.th,
AF,บริษัท ไอร่า แฟคตอริ่ง จำกัด (มหาชน),mai,ธุรกิจการเงิน,-,เลขที่ 188 อาคารสปริง ทาวเวอร์ ชั้น 12A ยูนิตที่ 6-10 ถนนพญาไท แขวงทุ่งพญาไท เขตราชเทวี กรุงเทพมหานคร,10400,0-2657-6222,"0-2657-6244,0-2657-6245",http://www.airafactoring.co.th,
AFC,บริษัท เอเซียไฟเบอร์ จำกัด (มหาชน),SET,สินค้าอุปโภคบริโภค,แฟชั่น,"อาคารวอลล์สตรีททาวเวอร์ ชั้น 27, 33/133-136 ถนนสุรวงศ์ แขวงสุริยวงศ์ เขตบางรัก กรุงเทพมหานคร",10500,0-2632-7071-85,0-2236-1982,www.asiafiber.com,
AGE,บริษัท เอเชีย กรีน เอนเนอจี จำกัด (มหาชน),SET,ทรัพยากร,พลังงานและสาธารณูปโภค,เลขที่ 99/9 ถนนพระรามที่ 2 แขวงแสมดำ เขตบางขุนเทียน กรุงเทพมหานคร,10150,0-2894-0088,"0-2894-0044, 0-2894-4267",www.age.co.th,
AH,บริษัท อาปิโก ไฮเทค จำกัด (มหาชน),SET,สินค้าอุตสาหกรรม,ยานยนต์,99 หมู่ 1 นิคมอุตสาหกรรมไฮเทค ตำบลบ้านเลน อำเภอบางปะอิน พระนครศรีอยุธยา,13160,0-3535-0880,0-3535-0881,www.aapico.com,
AHC,บริษัท โรงพยาบาลเอกชล จำกัด (มหาชน),SET,บริการ,การแพทย์,68/3 หมู่ 2 ถนนพระยาสัจจา ตำบลบ้านสวน อำเภอเมือง ชลบุรี,20000,"0-3827-3840-7, 0-3879-2500, 0-3879-2555",0-3827-3848,www.aikchol.com,
AI,บริษัท เอเชียน อินซูเลเตอร์ จำกัด (มหาชน),SET,ทรัพยากร,พลังงานและสาธารณูปโภค,254 ถนนเสรีไทย แขวงคันนายาว เขตคันนายาว กรุงเทพมหานคร,10230,"0-2517-1451, 0-2517-1026, 0-2517-9447-8",0-2517-1465,http://www.asianinsulators.com,
AIE,บริษัท เอไอ เอนเนอร์จี จำกัด (มหาชน),SET,ทรัพยากร,พลังงานและสาธารณูปโภค,เลขที่ 55/2 หมู่ที่ 8 ถนนเศรษฐกิจ 1 ตำบลคลองมะเดื่อ อำเภอกระทุ่มแบน สมุทรสาคร,74110,0-3487-7485-8,0-3487-7491-2,www.aienergy.co.th,
AIMCG,ทรัสต์เพื่อการลงทุนในอสังหาริมทรัพย์และสิทธิการเช่าอสังหาริมทรัพย์ เอไอเอ็ม คอมเมอร์เชียล โกรท,SET,อสังหาริมทรัพย์และก่อสร้าง,กองทุนรวมอสังหาริมทรัพย์และกองทรัสต์เพื่อการลงทุนในอสังหาริมทรัพย์,เลขที่ 93/1 อาคารจีพีเอฟ วิทยุ อาคารบี ชั้น 8 ห้อง 803 ถนนวิทยุ แขวงลุมพินี เขตปทุมวัน กรุงเทพมหานคร,10330,0-2254-0441-2,-,www.aimcgreit.com,
AIMIRT,ทรัสต์เพื่อการลงทุนในอสังหาริมทรัพย์และสิทธิการเช่าอสังหาริมทรัพย์ เอไอเอ็ม อินดัสเทรียล โกรท,SET,อสังหาริมทรัพย์และก่อสร้าง,กองทุนรวมอสังหาริมทรัพย์และกองทรัสต์เพื่อการลงทุนในอสังหาริมทรัพย์,เลขที่ 93/1 อาคารจีพีเอฟ วิทยุ อาคารบีชั้น 8 ห้อง 803 ถนนวิทยุ แขวงลุมพินี เขตปทุมวัน กรุงเทพมหานคร,10330,0-2254-0441-2,-,www.aimirt.com,
AIRA,บริษัท ไอร่า แคปปิตอล จำกัด (มหาชน),mai,ธุรกิจการเงิน,-,319 อาคารจัตุรัสจามจุรี ชั้นที่ 12 ถนนพญาไท ปทุมวัน กรุงเทพมหานคร,10330,0-2080-2999,0-2160-5395,https://www.airacapital.co.th,
AIT,บริษัท แอ็ดวานซ์อินฟอร์เมชั่นเทคโนโลยี จำกัด (มหาชน),SET,เทคโนโลยี,เทคโนโลยีสารสนเทศและการสื่อสาร,37/2 ถนนสุทธิสาร แขวงสามเสนนอก เขตห้วยขวาง กรุงเทพมหานคร,10320,0-2275-9400,"0-2275-9100, 0-2275-9200",www.ait.co.th,
AJ,บริษัท เอ.เจ.พลาสท์ จำกัด (มหาชน),SET,สินค้าอุตสาหกรรม,บรรจุภัณฑ์,95 ถนนท่าข้าม แขวงแสมดำ เขตบางขุนเทียน กรุงเทพมหานคร,10150,"0-2415-0035, 0-2415-6059",0-2415-6068,www.ajplast.co.th,
AJA,บริษัท เอเจ แอดวานซ์ เทคโนโลยี จำกัด (มหาชน),SET,สินค้าอุปโภคบริโภค,ของใช้ในครัวเรือนและสำนักงาน,เลขที่ 427/2 ถนนพระรามที่ 2 แขวงแสมดำ เขตบางขุนเทียน กรุงเทพมหานคร,10150,0-2451-6888,0-2451-5490,www.ajthai.com,
AKP,บริษัท อัคคีปราการ จำกัด (มหาชน),mai,บริการ,-,792 หมู่ 2 ซอย 1 ซี/1 นิคมอุตสาหกรรมบางปู ซอย 1 ถนนสุขุมวิท ตำบลบางปูใหม่ อำเภอเมืองสมุทรปราการ สมุทรปราการ,10280,0-2323-0714-21,0-2323-0724,www.akkhie.com,
AKR,บริษัท เอกรัฐวิศวกรรม จำกัด (มหาชน),SET,สินค้าอุตสาหกรรม,วัสดุอุตสาหกรรมและเครื่องจักร,"อาคารยู เอ็ม ทาวเวอร์ ชั้น 28, 9/291 ถนนรามคำแหง แขวงสวนหลวง เขตสวนหลวง กรุงเทพมหานคร",10250,0-2719-8777,02-719-8760-2,http://www.ekarat.co.th,
AKS,บริษัท เอเคเอส คอร์ปอเรชั่น จำกัด (มหาชน),SET,อสังหาริมทรัพย์และก่อสร้าง,พัฒนาอสังหาริมทรัพย์,เลขที่ 102 ถนนริมคลองบางกะปิ แขวงบางกะปิ เขตห้วยขวาง กรุงเทพมหานคร,10310,0-2033-5555,0-2033-5566,www.akscorporation.co.th,
ALLA,บริษัท ออลล่า จำกัด (มหาชน),SET,สินค้าอุตสาหกรรม,วัสดุอุตสาหกรรมและเครื่องจักร,"เลขที่ 933, 935, 937, 939 ซอยอ่อนนุช 46 ถนนอ่อนนุช แขวงอ่อนนุช เขตสวนหลวง กรุงเทพมหานคร",10250,"0-2322-0777, 0-2721-5699",0-2322-1891-2,www.alla.co.th,
ALLY,ทรัสต์เพื่อการลงทุนในอสังหาริมทรัพย์และสิทธิการเช่าอสังหาริมทรัพย์ อัลไล,SET,อสังหาริมทรัพย์และก่อสร้าง,กองทุนรวมอสังหาริมทรัพย์และกองทรัสต์เพื่อการลงทุนในอสังหาริมทรัพย์,888 ถ. ประดิษฐมนูธรรม แขวงคลองจั่น เขตบางกะปิ กรุงเทพมหานคร,10240,0-2101-5999,-,www.allyreit.com,
ALPHAX,บริษัท อัลฟ่า ดิวิชั่นส์ จำกัด (มหาชน),mai,ทรัพยากร,-,เลขที่ 127 อาคารเกษรทาวเวอร์ ห้องเลขที่ D ชั้น 24 ถนนราชดำริห์ แขวงลุมพินี เขตปทุมวัน กรุงเทพมหานคร,10330,0-2095-5653,-,www.alphadivisions.com,
ALT,บริษัท เอแอลที เทเลคอม จำกัด (มหาชน),SET,เทคโนโลยี,เทคโนโลยีสารสนเทศและการสื่อสาร,52/1 หมู่ที่ 5 ถนนบางกรวย - ไทรน้อย ตำบลบางสีทอง อำเภอบางกรวย นนทบุรี,11130,-11796,0-2886-3364,alt.co.th,
ALUCON,บริษัท อลูคอน จำกัด (มหาชน),SET,สินค้าอุตสาหกรรม,บรรจุภัณฑ์,500 หมู่ 1 ซอยศิริคาม ถนนสุขุมวิท 72 ตำบลสำโรงเหนือ อำเภอเมือง สมุทรปราการ,10270,"0-2398-0147, 0-2398-4601","0-2398-3455, 0-2361-2511",www.alucon.th.com,
AMA,บริษัท อาม่า มารีน จำกัด (มหาชน),mai,บริการ,-,33/4 อาคารเดอะไนน์ ทาวเวอร์ ชั้นที่ 33 ทาวเวอร์ เอ ห้องเลขที่ TNA02 ถนนพระราม 9 แขวงห้วยขวาง เขตห้วยขวาง กรุงเทพมหานคร,10310,0-2001-2801,0-2001-2800,www.amamarine.co.th,
AMANAH,บริษัท อะมานะฮ์ ลิสซิ่ง จำกัด (มหาชน),SET,ธุรกิจการเงิน,เงินทุนและหลักทรัพย์,16-16/1 ซอยเกษมสันต์ 1 ถนนพญาไท แขวงวังใหม่ เขตปทุมวัน กรุงเทพมหานคร,10330,0-2091-6456,0-2030-6401,http://www.amanah.co.th,
AMARC,บริษัท ศูนย์ห้องปฏิบัติการและวิจัยทางการแพทย์และการเกษตรแห่งเอเซีย จำกัด (มหาชน),mai,บริการ,-,361 ซอยลาดพร้าว 122 ถนนลาดพร้าว แขวงพลับพลา เขตวังทองหลาง กรุงเทพมหานคร,10310,0-2516-2422,0-2516-6949,http://amarc.co.th/,
AMARIN,บริษัท อมรินทร์ คอร์เปอเรชั่นส์ จำกัด (มหาชน),SET,บริการ,สื่อและสิ่งพิมพ์,เลขที่ 378 ถนนชัยพฤกษ์ แขวงตลิ่งชัน เขตตลิ่งชัน กรุงเทพมหานคร,10170,0-2422-9999,"0-2434-3555, 0-2434-3777",http://www.amarin.com,
AMATA,บริษัท อมตะ คอร์ปอเรชัน จำกัด (มหาชน),SET,อสังหาริมทรัพย์และก่อสร้าง,พัฒนาอสังหาริมทรัพย์,อาคารกรมดิษฐ์ 2126 ถนนเพชรบุรีตัดใหม่ แขวงบางกะปิ เขตห้วยขวาง กรุงเทพมหานคร,10310,"0-2318-0007, 0-2792-0000",0-2318-1096,http://www.amata.com,
AMATAR,ทรัสต์เพื่อการลงทุนในอสังหาริมทรัพย์และสิทธิการเช่าอมตะซัมมิทโกรท,SET,อสังหาริมทรัพย์และก่อสร้าง,กองทุนรวมอสังหาริมทรัพย์และกองทรัสต์เพื่อการลงทุนในอสังหาริมทรัพย์,2126 อาคารกรมดิษฐ์ ถนนเพชรบุรีตัดใหม่ แขวงบางกะปิ เขตห้วยขวาง กรุงเทพมหานคร,10320,0-2792-0089,0-2792-0090,www.amatareit.com,
AMATAV,บริษัท อมตะ วีเอ็น จำกัด (มหาชน),SET,อสังหาริมทรัพย์และก่อสร้าง,พัฒนาอสังหาริมทรัพย์,2126 ถนนเพชรบุรีตัดใหม่ แขวงบางกะปิ เขตห้วยขวาง กรุงเทพมหานคร,10310,0-2792-0000,0-2318-1096,http://www.amatavn.com,
AMC,บริษัท เอเซีย เมทัล จำกัด (มหาชน),SET,สินค้าอุตสาหกรรม,เหล็ก และ ผลิตภัณฑ์โลหะ,"55, 55/1 หมู่ที่ 2 ซอยวัดหนามแดง ถนนศรีนครินทร์ ตำบลบางแก้ว อำเภอบางพลี สมุทรปราการ",10540,0-2383-4100,0-2383-4101-2,www.asiametal.co.th,
AMR,บริษัท เอเอ็มอาร์ เอเซีย จำกัด (มหาชน),SET,เทคโนโลยี,เทคโนโลยีสารสนเทศและการสื่อสาร,เลขที่ 469 ซอยประวิทย์และเพื่อน ถนนประชาชื่น แขวงลาดยาว เขตจตุจักร กรุงเทพมหานคร,10900,0-2589-9955,0-2591-7022,https://www.amrasia.com,
ANAN,บริษัท อนันดา ดีเวลลอปเม้นท์ จำกัด (มหาชน),SET,อสังหาริมทรัพย์และก่อสร้าง,พัฒนาอสังหาริมทรัพย์,เลขที่ 99/1 หมู่ที่ 14 ซอยหมู่บ้านวินด์มิลล์ ถนนบางนา-ตราด (ก.ม.10.5) ตำบลบางพลีใหญ่ อำเภอบางพลี สมุทรปราการ,10540,0-2317-1155,0-2317-1100,http://www.ananda.co.th,
ANI,บริษัท เอเชีย เน็ตเวิร์ค อินเตอร์เนชั่นแนล จำกัด (มหาชน),SET,บริการ,ขนส่งและโลจิสติกส์,เลขที่ 628 ชั้น 6 อาคารทริพเพิลไอ ซอยกลับชม ถนนนนทรี แขวงช่องนนทรี เขตยานนาวา กรุงเทพมหานคร,10120,0-2681-3149,0-2681-3153,www.anicargo.com,
AOT,บริษัท ท่าอากาศยานไทย จำกัด (มหาชน),SET,บริการ,ขนส่งและโลจิสติกส์,333 หมู่ที่ 7 ถนนเชิดวุฒากาศ แขวงสีกัน เขตดอนเมือง กรุงเทพมหานคร,10210,0-2535-1192,0-2535-5749,www.airportthai.co.th,
AP,บริษัท เอพี (ไทยแลนด์) จำกัด (มหาชน),SET,อสังหาริมทรัพย์และก่อสร้าง,พัฒนาอสังหาริมทรัพย์,"อาคารโอเชี่ยนทาวเวอร์ 1 ชั้น 18, 170/57 ถนนรัชดาภิเษกตัดใหม่ แขวงคลองเตย เขตคลองเตย กรุงเทพมหานคร",10110,"0-2261-2518-22, 0-2261-2285-7",0-2261-2548-9,www.apthai.com,
APCO,บริษัท เอเชียน ไฟย์โตซูติคอลส์ จำกัด (มหาชน),SET,สินค้าอุปโภคบริโภค,ของใช้ส่วนตัวและเวชภัณฑ์,เลขที่ 84/3 หมู่ 4 นิคมอุตสาหกรรมภาคเหนือ (ฝั่งตะวันตก) ถนนทางหลวงหมายเลข 11 ตำบลบ้านกลาง อำเภอเมือง ลำพูน,51000,0-5358-1374,0-5358-1375,http://www.apco.co.th,
APCS,บริษัท เอเซีย พรีซิชั่น จำกัด (มหาชน),SET,อสังหาริมทรัพย์และก่อสร้าง,บริการรับเหมาก่อสร้าง,เลขที่ 223/53 อาคารคันทรี่คอมเพล็กซ์ เอ ชั้น 13 ถนนสรรพาวุธ แขวงบางนาใต้ เขตบางนา กรุงเทพมหานคร,10260,0-2361-5494,-,www.apcs.co.th,
APO,บริษัท เอเชียนน้ำมันปาล์ม จำกัด (มหาชน),mai,เกษตรและอุตสาหกรรมอาหาร,-,99 หมู่ที่ 2 ตำบลอ่าวลึกใต้ อำเภออ่าวลึก กระบี่,81110,0-7568-1355,-,https://asianpalmoil.com,
APP,บริษัท แอพพลิแคด จำกัด (มหาชน),mai,เทคโนโลยี,-,69 ซอยสุขุมวิท 68 ถนนสุขุมวิท แขวงบางนาเหนือ เขตบางนา กรุงเทพมหานคร,10260,0-2744-9045,0-2744-9049,www.applicadthai.com,
APURE,บริษัท อกริเพียว โฮลดิ้งส์ จำกัด (มหาชน),SET,เกษตรและอุตสาหกรรมอาหาร,อาหารและเครื่องดื่ม,อาคารมูลนิธิรวมใจพัฒนา เลขที่ 70 หมู่ที่ 6 ถนนพหลโยธิน ตำบลคลองหนึ่ง อำเภอคลองหลวง ปทุมธานี,12120,0-2516-0941-45,0-2516-0946,http://www.apureholdings.com,
AQUA,บริษัท อควา คอร์เปอเรชั่น จำกัด (มหาชน),SET,บริการ,สื่อและสิ่งพิมพ์,"อาคารอาร์เอสทาวเวอร์ ชั้น 21, 121/68-69 ถนนรัชดาภิเษก แขวงดินแดง เขตดินแดง กรุงเทพมหานคร",10400,0-2041-8888,-,www.aquacorp.co.th,
ARIN,บริษัท อรินสิริ แลนด์ จำกัด (มหาชน),mai,อสังหาริมทรัพย์และก่อสร้าง,-,เลขที่ 49/82 ถนนบางแสนสาย 4 เหนือ ตำบลแสนสุข อำเภอเมืองชลบุรี ชลบุรี,20130,"0-3819-1581,1395",0-3819-1681,www.arinsiri.com,
ARIP,บริษัท เออาร์ไอพี จำกัด (มหาชน),mai,บริการ,-,99/16-20 ถนนรัชดาภิเษก เขตดินแดง กรุงเทพมหานคร,10320,0-2642-3400,0-2642-3440,http://www.aripplc.com,
ARROW,บริษัท แอร์โรว์ ซินดิเคท จำกัด (มหาชน),mai,อสังหาริมทรัพย์และก่อสร้าง,-,เลขที่ 31 หมู่ 1 ตำบลพานทอง อำเภอพานทอง ชลบุรี,20160,0-3874-0371-4,0-3874-0150,www.arrowpipe.com,
AS,บริษัท แอสเฟียร์ อินโนเวชั่นส์ จำกัด (มหาชน),SET,บริการ,สื่อและสิ่งพิมพ์,เลขที่ 51 อาคารเมเจอร์ ทาวเวอร์ พระราม 9 - รามคำแหง ชั้นที่ 18 ห้องเลขที่ 3 - 8 ถนนพระราม 9 แขวงหัวหมาก เขตบางกะปิ กรุงเทพมหานคร,10240,0-2769-8888,0-2090-2730,http://as-th.listedcompany.com,
ASAP,บริษัท ซินเนอร์เจติค ออโต้ เพอร์ฟอร์มานซ์ จำกัด (มหาชน),SET,ธุรกิจการเงิน,เงินทุนและหลักทรัพย์,149 หมู่ที่ 3 ถนนเทพารักษ์ ตำบลเทพารักษ์ อำเภอเมืองสมุทรปราการ สมุทรปราการ,10270,0-2091-8181,0-2091-8111,http://www.asapcarrent.com,
ASEFA,บริษัท อาซีฟา จำกัด (มหาชน),SET,สินค้าอุตสาหกรรม,วัสดุอุตสาหกรรมและเครื่องจักร,เลขที่ 5 หมู่ที่ 1 ถนนพระราม 2 ตำบลคอกกระบือ อำเภอเมืองสมุทรสาคร สมุทรสาคร,74000,0-2686-7777,0-2686-7788,www.asefa.co.th,
ASIA,บริษัท เอเชียโฮเต็ล จำกัด (มหาชน),SET,บริการ,การท่องเที่ยวและสันทนาการ,296 ถนนพญาไท แขวงถนนเพชรบุรี เขตราชเทวี กรุงเทพมหานคร,10400,0-2217-0808,0-2215-2645,www.asiahotel.co.th,
ASIAN,บริษัท เอเชี่ยนซี คอร์ปอเรชั่น จำกัด (มหาชน),SET,เกษตรและอุตสาหกรรมอาหาร,อาหารและเครื่องดื่ม,55/2 หมู่ 2 ถนนพระราม 2 ตำบลบางกระเจ้า อำเภอเมือง สมุทรสาคร,74000,"0-3482-2204-7, 0-3482-2700-6","0-3482-2407, 0-3482-2698-9, 0-3482-2706",www.asiansea.co.th,
ASIMAR,บริษัท เอเชียน มารีน เซอร์วิสส์ จำกัด (มหาชน),SET,บริการ,ขนส่งและโลจิสติกส์,128 หมู่ 3 ถนนสุขสวัสดิ์ ตำบลแหลมฟ้าผ่า อำเภอพระสมุทรเจดีย์ สมุทรปราการ,10290,0-2815-2060-67,0-2453-7213-4,www.asimar.com,
ASK,บริษัท เอเซียเสริมกิจลีสซิ่ง จำกัด (มหาชน),SET,ธุรกิจการเงิน,เงินทุนและหลักทรัพย์,เลขที่ 129 อาคารเจแอลเค ทาวเวอร์ ชั้นที่ 20 ถนนสุขุมวิท แขวงคลองเตยเหนือ เขตวัฒนา กรุงเทพมหานคร,10110,"0-2030-0999,0-2679-6226,0-2679-6262",0-2679-6241-3,www.ask.co.th,
ASN,บริษัท เอเอสเอ็น โบรกเกอร์ จำกัด (มหาชน),mai,ธุรกิจการเงิน,-,388 อาคารไอบีเอ็ม ชั้น 16 บี ถนนพหลโยธิน แขวงสามเสนใน เขตพญาไท กรุงเทพมหานคร,10400,0-2494-8388,0-2619-2296,http://www.asnbroker.co.th,
ASP,บริษัท เอเซีย พลัส กรุ๊ป โฮลดิ้งส์ จำกัด (มหาชน),SET,ธุรกิจการเงิน,เงินทุนและหลักทรัพย์,"อาคารสาธรซิตี้ทาวเวอร์ ชั้น 3,9 และ11, 175 ถนนสาทรใต้ แขวงทุ่งมหาเมฆ เขตสาธร กรุงเทพมหานคร",10120,"0-2285-1888, 0-2680-1111",0-2285-1901-2,www.asiaplusgroup.co.th,
ASW,บริษัท แอสเซทไวส์ จำกัด (มหาชน),SET,อสังหาริมทรัพย์และก่อสร้าง,พัฒนาอสังหาริมทรัพย์,เลขที่ 9 ซอยรามอินทรา 5 แยก 23 แขวงอนุสาวรีย์ เขตบางเขน กรุงเทพมหานคร,10220,0-2521-9533-35,-,www.assetwise.co.th,
ATLAS,บริษัท แอตลาส เอ็นเนอยี จำกัด (มหาชน),SET,ทรัพยากร,พลังงานและสาธารณูปโภค,เลขที่ 90 หมู่บ้าน/อาคาร ซีดับเบิ้ลยู ทาวเวอร์ เอ ถนน รัชดาภิเษก ตำบล/แขวง ห้วยขวาง อำเภอ/เขต ห้วยขวาง กรุงเทพมหานคร,10310,08-0059-7044,0-2168-3379,www.atlasenergy.co.th,
ATP30,บริษัท เอทีพี 30 จำกัด (มหาชน),mai,บริการ,-,เลขที่ 9/30 หมู่ที่ 9 ตำบลบางนาง อำเภอพานทอง ชลบุรี,20160,0-3846-8788,0-3846-8788,http://www.atp30.com,
AU,บริษัท อาฟเตอร์ ยู จำกัด (มหาชน),mai,เกษตรและอุตสาหกรรมอาหาร,-,1319/9 ถนนพัฒนาการ แขวงสวนหลวง เขตสวนหลวง กรุงเทพมหานคร,10250,0-2318-4488,0-2318-1022,www.afteryoudessertcafe.com,
AUCT,บริษัท สหการประมูล จำกัด (มหาชน),mai,บริการ,-,518/28 ซ.รามคำแหง 39 (เทพลีลา 1) แขวงวังทองหลาง เขตวังทองหลาง กรุงเทพมหานคร,10310,0-2033-6555,0-2935-6202,www.auct.co.th,
AURA,บริษัท ออโรร่า ดีไซน์ จำกัด (มหาชน),SET,สินค้าอุปโภคบริโภค,แฟชั่น,444 ซอยอุดมสุข 26 แขวงบางนาเหนือ เขตบางนา กรุงเทพมหานคร,10260,0-2749-5044,-,http://www.auroradesign.co.th,
AWC,บริษัท แอสเสท เวิรด์ คอร์ป จำกัด (มหาชน),SET,อสังหาริมทรัพย์และก่อสร้าง,พัฒนาอสังหาริมทรัพย์,เลขที่ 1 อาคารเอ็มไพร์ทาวเวอร์ ชั้นที่ 54 ถนนสาทรใต้ แขวงยานนาวา เขตสาทร กรุงเทพมหานคร,10120,0-2180-9999,0-2180-9966,https://www.assetworldcorp-th.com,
AXTRART,ทรัสต์เพื่อการลงทุนในอสังหาริมทรัพย์และสิทธิการเช่า แอ็กซ์ตร้า ฟิวเจอร์ ซิตี้,SET,อสังหาริมทรัพย์และก่อสร้าง,กองทุนรวมอสังหาริมทรัพย์และกองทรัสต์เพื่อการลงทุนในอสังหาริมทรัพย์,เลขที่ 111 ชั้น 10 ห้อง 1001/1 อาคารทรู ดิจิทัล พาร์ค เวสต์ ถนนสุขุมวิท แขวงบางจาก เขตพระโขนง กรุงเทพมหานคร,10260,06-3848-4677,-,www.axtrart.com,
AYUD,บริษัท อลิอันซ์ อยุธยา แคปปิตอล จำกัด (มหาชน),SET,ธุรกิจการเงิน,ประกันภัยและประกันชีวิต,"อาคารเพลินจิตทาวเวอร์ ชั้น 7, 898 ถนนเพลินจิต แขวงลุมพินี เขตปทุมวัน กรุงเทพมหานคร",10330,0-2657-2970,0-2657-2971,www.ayud.co.th,
B,บริษัท บี จิสติกส์ จำกัด (มหาชน),SET,บริการ,ขนส่งและโลจิสติกส์,เลขที่ 52 อาคารธนิยะ พลาซ่า ชั้นที่ 28 ถนนสีลม แขวงสุริยวงศ์ เขตบางรัก กรุงเทพมหานคร,10500,0-2096-4999,-,WWW.BEGISTICS.CO.TH,
B52,บริษัท บี-52 แคปปิตอล จำกัด (มหาชน),SET,บริการ,พาณิชย์,เลขที่ 55 ถนนพระราม 9 แขวงห้วยขวาง เขตห้วยขวาง กรุงเทพมหานคร,10310,0-2645-3999,-,www.b52.co.th,
BA,บริษัท การบินกรุงเทพ จำกัด (มหาชน),SET,บริการ,ขนส่งและโลจิสติกส์,เลขที่ 99 หมู่ที่ 14 ถนนวิภาวดีรังสิต แขวงจอมพล เขตจตุจักร กรุงเทพมหานคร,10900,0-2265-5678,0-2265-5500,http://www.bangkokair.com,
BAFS,บริษัท บริการเชื้อเพลิงการบินกรุงเทพ จำกัด (มหาชน),SET,ทรัพยากร,พลังงานและสาธารณูปโภค,171/2 ถนนกำแพงเพชร 6 แขวงดอนเมือง เขตดอนเมือง กรุงเทพมหานคร,10210,0-2834-8900,0-2834-8999,www.bafsthai.com,
BAM,บริษัทบริหารสินทรัพย์ กรุงเทพพาณิชย์ จำกัด (มหาชน),SET,ธุรกิจการเงิน,เงินทุนและหลักทรัพย์,99 ถนนสุรศักดิ์ แขวงสีลม เขตบางรัก กรุงเทพมหานคร,10500,0-2267-1900,0-2266-3377,www.bam.co.th,
BANPU,บริษัท บ้านปู จำกัด (มหาชน),SET,ทรัพยากร,พลังงานและสาธารณูปโภค,"อาคารธนภูมิ ชั้น 27, 1550 ถนนเพชรบุรีตัดใหม่ แขวงมักกะสัน เขตราชเทวี กรุงเทพมหานคร",10400,0-2694-6600,0-2207-0696,http://www.banpu.com,
BAREIT,ทรัสต์เพื่อการลงทุนในสิทธิการเช่าอสังหาริมทรัพย์สนามบินการบินกรุงเทพ,SET,อสังหาริมทรัพย์และก่อสร้าง,กองทุนรวมอสังหาริมทรัพย์และกองทรัสต์เพื่อการลงทุนในอสังหาริมทรัพย์,99 หมู่ที่ 14 ถนนวิภาวดี-รังสิต แขวงจอมพล เขตจตุจักร กรุงเทพมหานคร,-,0-2265-5834,-,www.bareit.co.th,
BAY,ธนาคารกรุงศรีอยุธยา จำกัด (มหาชน),SET,ธุรกิจการเงิน,ธนาคาร,1222 ถนนพระราม 3 แขวงบางโพงพาง เขตยานนาวา กรุงเทพมหานคร,10120,"0-2296-2000, 0-2683-1000",0-2683-1304,www.krungsri.com,
BBGI,บริษัท บีบีจีไอ จำกัด (มหาชน),SET,ทรัพยากร,พลังงานและสาธารณูปโภค,2098 อาคารเอ็ม ทาวเวอร์ ชั้นที่ 5 ถนนสุขุมวิท แขวงพระโขนงใต้ เขตพระโขนง กรุงเทพมหานคร,10260,0-2335-8814,0-2335-8800,https://www.bbgigroup.com/,
BBIK,บริษัท บลูบิค กรุ๊ป จำกัด (มหาชน),SET,เทคโนโลยี,เทคโนโลยีสารสนเทศและการสื่อสาร,เลขที่ 51 ถนนนราธิวาสราชนครินทร์ แขวงสีลม เขตบางรัก กรุงเทพมหานคร,10500,0-2636-7011,-,https://www.bluebik.com,
BBL,ธนาคารกรุงเทพ จำกัด (มหาชน),SET,ธุรกิจการเงิน,ธนาคาร,333 ถนนสีลม เขตบางรัก กรุงเทพมหานคร,10500,0-2231-4333,0-2231-4890,www.bangkokbank.com,
BC,บริษัท บูทิค คอร์ปอเรชั่น จำกัด (มหาชน),mai,อสังหาริมทรัพย์และก่อสร้าง,-,170/67 อาคารโอเชี่ยนทาวเวอร์ 1 ชั้น 21 ซอยสุขุมวิท 16 (สามมิตร) ถนนรัชดาภิเษก แขวงคลองเตย เขตคลองเตย กรุงเทพมหานคร,10110,0-2620-8777,0-2620-8778,https://www.boutiquecorporation.com,
BCH,บริษัท บางกอก เชน ฮอสปิทอล จำกัด (มหาชน),SET,บริการ,การแพทย์,44 หมู่ 4 ตำบลปากเกร็ด อำเภอปากเกร็ด นนทบุรี,11120,0-2836-9999,0-2106-4858,www.bangkokchainhospital.com,
BCP,บริษัท บางจาก คอร์ปอเรชั่น จำกัด (มหาชน),SET,ทรัพยากร,พลังงานและสาธารณูปโภค,เลขที่ 2098 อาคารเอ็ม ทาวเวอร์ ชั้น 8 ถนนสุขุมวิท แขวงพระโขนงใต้ เขตพระโขนง กรุงเทพมหานคร,10260,0-2335-8888,0-2335-8000,http://www.bangchak.co.th,
BCPG,บริษัท บีซีพีจี จำกัด (มหาชน),SET,ทรัพยากร,พลังงานและสาธารณูปโภค,อาคาร เอ็ม ทาวเวอร์ ชั้น 12 เลขที่ 2098 ถนนสุขุมวิท แขวงบางจาก เขตพระโขนง กรุงเทพมหานคร,10260,-,-,www.bcpggroup.com,
BCT,บริษัท เบอร์ล่า คาร์บอน (ไทยแลนด์) จำกัด (มหาชน),SET,สินค้าอุตสาหกรรม,ปิโตรเคมีและเคมีภัณฑ์,"อาคารมหาทุนพลาซ่า ชั้น 16, 888/164 ถนนเพลินจิต แขวงลุมพินี เขตปทุมวัน กรุงเทพมหานคร",10330,"0-2253-6749,0-2626-6375",-,www.birlacarbon.com,
BDMS,บริษัท กรุงเทพดุสิตเวชการ จำกัด(มหาชน),SET,บริการ,การแพทย์,เลขที่ 2 ซอยศูนย์วิจัย 7 ถนนเพชรบุรีตัดใหม่ แขวงบางกะปิ เขตห้วยขวาง กรุงเทพมหานคร,10310,0-2310-3000,"0-2318-1546 , 0-2310-3327",www.bangkokhospital.com,
BE8,บริษัท เบริล 8 พลัส จำกัด (มหาชน),mai,เทคโนโลยี,-,33/4 อาคารเดอะไนน์ ทาวเวอร์ แกรนด์ พระรามเก้า (อาคารบี) ชั้นที่ 19 ถนนพระราม 9 แขวงห้วยขวาง เขตห้วยขวาง กรุงเทพมหานคร,10310,0-2116-5081,-,www.beryl8.com,
BEAUTY,บริษัท บิวตี้ คอมมูนิตี้ จำกัด (มหาชน),SET,บริการ,พาณิชย์,สำนักงานใหญ่เลขที่ 50/1-3 ซอยนวลจันทร์ 34 ถนนนวลจันทร์ แขวงนวลจันทร์ เขตบึงกุ่ม กรุงเทพมหานคร,10230,0-2946-0700-6,0-2946-1571,WWW.BEAUTYCOMMUNITY.CO.TH,
BEC,บริษัท บีอีซี เวิลด์ จำกัด (มหาชน),SET,บริการ,สื่อและสิ่งพิมพ์,"อาคารมาลีนนท์ ทาวเวอร์, 3199 ถนนพระรามสี่ แขวงคลองตัน เขตคลองเตย กรุงเทพมหานคร",10110,"0-2204-3333, 0-2262-3333",0-2204-1384,www.becworld.com,
BEM,บริษัท ทางด่วนและรถไฟฟ้ากรุงเทพ จำกัด (มหาชน),SET,บริการ,ขนส่งและโลจิสติกส์,587 ถนนสุทธิสารวินิจฉัย แขวงรัชดาภิเษก เขตดินแดง กรุงเทพมหานคร,10400,"0-2641-4611, 0-2354-2000","0-2641-4610, 0-2354-2040",www.bemplc.co.th,
BEYOND,บริษัท เบาด์ แอนด์ บียอนด์ จำกัด (มหาชน),SET,บริการ,การท่องเที่ยวและสันทนาการ,เลขที่ 130 - 132 อาคารสินธรทาวเวอร์ 2 ชั้น 15 ถนนวิทยุ แขวงลุมพินี เขตปทุมวัน กรุงเทพมหานคร,10330,0-2028-2626,0-2028-2628,www.boundandbeyond.co.th,
BGC,บริษัท บีจี คอนเทนเนอร์ กล๊าส จำกัด (มหาชน),SET,สินค้าอุตสาหกรรม,บรรจุภัณฑ์,47/1 หมู่ 2 ตำบลบึงยี่โถ อำเภอธัญบุรี ปทุมธานี,12130,0-2834-7000,0-2533-1140,www.bgc.co.th,
BGRIM,บริษัท บี.กริม เพาเวอร์ จำกัด (มหาชน),SET,ทรัพยากร,พลังงานและสาธารณูปโภค,5 ถนนกรุงเทพกรีฑา แขวงหัวหมาก เขตบางกะปิ กรุงเทพมหานคร,10240,0-2710-3400,0-2379-4245,http://www.bgrimmpower.com,
BGT,บริษัท บีจีที คอร์ปอเรชั่น จำกัด (มหาชน),mai,สินค้าอุปโภคบริโภค,-,เลขที่ 188 ถนนสุวินทวงศ์ แขวงมีนบุรี เขตมีนบุรี กรุงเทพมหานคร,10510,0-2540-2888,0-2540-1953,http://www.bodyglove.co.th,
BH,บริษัท โรงพยาบาลบำรุงราษฎร์ จำกัด (มหาชน),SET,บริการ,การแพทย์,33 ถนนสุขุมวิท ซอย 3 (ซอยนานาเหนือ) แขวงคลองเตยเหนือ เขตวัฒนา กรุงเทพมหานคร,10110,0-2066-8888,-,www.bumrungrad.com,
BIG,บริษัท บิ๊ก คาเมร่า คอร์ปอเรชั่น จำกัด (มหาชน),SET,บริการ,พาณิชย์,"เลขที่ 115, 115/1 ถนนสวัสดิการ 1 แขวงหนองแขม เขตหนองแขม กรุงเทพมหานคร",10160,0-2809-9956-65,0-2809-9950,www.bigcamera.co.th,
BIOTEC,บริษัท ไบโอ กรีน เอ็นเนอร์ยี่ เทค จำกัด (มหาชน),SET,ทรัพยากร,พลังงานและสาธารณูปโภค,"อาคารมาโณทาวเวอร์, 153 ซอยสุขุมวิท 39 ถนนสุขุมวิท แขวงคลองตันเหนือ เขตวัฒนา กรุงเทพมหานคร",10110,0-2260-0050,"0-2259-9825, 0-2261-4813",www.biogreen-energytech.com,
BIS,บริษัท ไบโอซายน์ แอนิมัล เฮลธ์ จำกัด (มหาชน),mai,บริการ,-,479 ชั้นที่ 4 เมืองทองธานี ถนนบอนด์สตรีท ตำบลบางพูด อำเภอปากเกร็ด นนทบุรี,11120,0-2960-0290-5,-,https://www.bis-group.com,
BIZ,บริษัท บิสซิเนสอะไลเม้นท์ จำกัด (มหาชน),SET,สินค้าอุปโภคบริโภค,ของใช้ส่วนตัวและเวชภัณฑ์,92/45 อาคารสาธรธานี 2 ชั้น 16 ถนนสาทรเหนือ แขวงสีลม เขตบางรัก กรุงเทพมหานคร,10500,0-2636-6828-9,0-2236-3167,www.bizalignment.com,
BJC,บริษัท เบอร์ลี่ ยุคเกอร์ จำกัด (มหาชน),SET,บริการ,พาณิชย์,อาคารเบอร์ลี่ ยุคเกอร์ 99 ซอยรูเบีย ถนนสุขุมวิท 42 แขวงพระโขนง เขตคลองเตย กรุงเทพมหานคร,10110,0-2146-5999,0-2146-9309,www.bjc.co.th,
BJCHI,บริษัท บีเจซี เฮฟวี่ อินดัสทรี จำกัด (มหาชน),SET,อสังหาริมทรัพย์และก่อสร้าง,บริการรับเหมาก่อสร้าง,เลขที่ 594 หมู่ 4 ตำบลมะขามคู่ อำเภอนิคมพัฒนา ระยอง,21180,0-3301-7345,0-3301-7348,www.bjc1994.com,
BKA,บริษัท บางกอก แอสเซท อินเตอร์กรุ๊ป จำกัด (มหาชน),mai,อสังหาริมทรัพย์และก่อสร้าง,-,เลขที่ 99 อาคาร ซี.พี.ทาวเวอร์ นอร์ธปาร์ค ชั้น 14 ซอยงามวงศ์วาน 47 แยก 42 (ชินเขต 2/40) แขวงทุ่งสองห้อง เขตหลักสี่ กรุงเทพมหานคร,10210,0-2494-9187,-,www.bangkokasset.co.th,
BKD,บริษัท บางกอก เดค-คอน จำกัด (มหาชน),SET,อสังหาริมทรัพย์และก่อสร้าง,บริการรับเหมาก่อสร้าง,เลขที่ 52/3 หมู่ 8 ถนนบางบัวทอง - สุพรรณบุรี ตำบลละหาร อำเภอบางบัวทอง นนทบุรี,11110,0-2925-5777,0-2925-5778,www.bangkokdeccon.com,
BKGI,บริษัท แบงคอกจีโนมิกส์อินโนเวชั่น จำกัด (มหาชน),SET,บริการ,การแพทย์,3689 ถนนพระรามที่ 4 แขวงพระโขนง เขตคลองเตย กรุงเทพมหานคร,10110,0-2261-2638,0-2261-2639,https://www.bangkokgenomics.com/,
BKIH,บริษัท บีเคไอ โฮลดิ้งส์ จำกัด (มหาชน),SET,ธุรกิจการเงิน,ประกันภัยและประกันชีวิต,25 อาคารกรุงเทพประกันภัย/YWCA ชั้นที่ 5 ถนนสาทรใต้ แขวงทุ่งมหาเมฆ เขตสาทร กรุงเทพมหานคร,10120,0-2285-7008,0-2677-3789,https://www.bkiholdings.com,
BLA,บริษัท กรุงเทพประกันชีวิต จำกัด (มหาชน),SET,ธุรกิจการเงิน,ประกันภัยและประกันชีวิต,เลขที่ 1415 ถนนกรุงเทพ-นนทบุรี แขวงวงศ์สว่าง เขตบางซื่อ กรุงเทพมหานคร,10800,0-2777-8000,0-2777-8899,www.bangkoklife.com,
BLAND,บริษัท บางกอกแลนด์ จำกัด (มหาชน),SET,อสังหาริมทรัพย์และก่อสร้าง,พัฒนาอสังหาริมทรัพย์,"คอนโดมิเนียม อุตสาหกรรม นิวเจนีวา ชั้น 10, 47/569-576 หมู่ 3 ถนนป๊อปปูล่า 3 ตำบลบ้านใหม่ อำเภอปากเกร็ด นนทบุรี",11120,0-2504-4940-49,-,www.bangkokland.co.th,
BLC,บริษัท บางกอกแล็ป แอนด์ คอสเมติค จำกัด (มหาชน),SET,สินค้าอุปโภคบริโภค,ของใช้ส่วนตัวและเวชภัณฑ์,48/1 หมู่ที่ 5 ถนนหนองแช่เสา ตำบลน้ำพุ อำเภอเมืองราชบุรี ราชบุรี,70000,0-3271-9900,0-3271-9917,www.blcplc.com,
BLESS,บริษัท เบล็ส แอสเสท กรุ๊ป จำกัด (มหาชน),mai,อสังหาริมทรัพย์และก่อสร้าง,-,เลขที่ 609/154 ถนนนวมินทร์ แขวงนวลจันทร์ เขตบึงกุ่ม กรุงเทพมหานคร,10230,0-2930-7155-8,0-2948-8304-5,https://www.bagroup.co.th,
BLISS,บริษัท บลิส อินเทลลิเจนซ์ จำกัด (มหาชน),SET,เทคโนโลยี,เทคโนโลยีสารสนเทศและการสื่อสาร,96 ถนนเฉลิมพระเกียรติรัชกาลที่ 9 แขวงหนองบอน เขตประเวศ กรุงเทพมหานคร,10250,-,-,www.blissintelligence.co.th,
BM,บริษัท บางกอกชีทเม็ททัล จำกัด (มหาชน),mai,สินค้าอุตสาหกรรม,-,เลขที่ 149 หมู่ที่ 6 ถนนสุขสวัสดิ์ ตำบลบางจาก อำเภอพระประแดง สมุทรปราการ,10130,"0-2817-5555-7, 0-2817-5440-3","0-2817-5432 , 0-2817-5443",www.bmplc.co.th,
BOFFICE,ทรัสต์เพื่อการลงทุนในสิทธิการเช่าอสังหาริมทรัพย์ภิรัชออฟฟิศ,SET,อสังหาริมทรัพย์และก่อสร้าง,กองทุนรวมอสังหาริมทรัพย์และกองทรัสต์เพื่อการลงทุนในอสังหาริมทรัพย์,591 ถนนสุขุมวิท แขวงคลองตันเหนือ เขตวัฒนา กรุงเทพมหานคร,10110,0-2261-0170,0-2261-0170,www.bofficereit.com,
BOL,บริษัท บิซิเนส ออนไลน์ จำกัด (มหาชน),mai,บริการ,-,เลขที่ 1023 อาคาร เอ็มเอส สยาม ชั้น 28 ถนนพระราม 3 แขวงช่องนนทรี เขตยานนาวา กรุงเทพมหานคร,10120,0-2657-3999,0-2657-3900-1,www.BOL.co.th,
BPP,บริษัท บ้านปู เพาเวอร์ จำกัด (มหาชน),SET,ทรัพยากร,พลังงานและสาธารณูปโภค,1550 อาคารธนภูมิ ชั้น 26 ถนนเพชรบุรีตัดใหม่ แขวงมักกะสัน เขตราชเทวี กรุงเทพมหานคร,10400,0-2007-6000,0-2007-6060,www.banpupower.com,
BPS,บริษัท บีพีเอส เทคโนโลยี จำกัด (มหาชน),mai,สินค้าอุตสาหกรรม,-,"เลขที่ 25/34-38, 47-51 ถนนสุขุมวิท ตําบลปากน้ํา อําเภอเมืองสมุทรปราการ สมุทรปราการ",10270,0-2755-2688,0-2380-5096,https://www.bpstechnology.co.th,
BR,บริษัท บางกอกแร้นช์ จำกัด (มหาชน),SET,เกษตรและอุตสาหกรรมอาหาร,อาหารและเครื่องดื่ม,18/1 ม.12 ถ.สายหลังวัดบางพลีใหญ่ใน ต.บางพลีใหญ่ อ.บางพลี สมุทรปราการ,10540,0-2337-3280,0-2337-3293,www.br-brgroup.com,
BRI,บริษัท บริทาเนีย จำกัด (มหาชน),SET,อสังหาริมทรัพย์และก่อสร้าง,พัฒนาอสังหาริมทรัพย์,อาคารภิรัชทาวเวอร์ชั้น 20 ไบเทคบางนา 4345 ถนนสุขุมวิท แขวงบางนา เขตบางนา กรุงเทพมหานคร,10260,1509,-,https://britania.co.th/,
BROCK,บริษัท บ้านร็อคการ์เด้น จำกัด (มหาชน),SET,อสังหาริมทรัพย์และก่อสร้าง,พัฒนาอสังหาริมทรัพย์,601 ซอยรามคำแหง 39 ถนนประชาอุทิศ แขวงวังทองหลาง เขตวังทองหลาง กรุงเทพมหานคร,10310,0-2934-7000,0-2934-7186,www.rockgarden.co.th,
BRR,บริษัท น้ำตาลบุรีรัมย์ จำกัด (มหาชน),SET,เกษตรและอุตสาหกรรมอาหาร,อาหารและเครื่องดื่ม,237 หมู่ที่ 2 ตำบลหินเหล็กไฟ อำเภอคูเมือง บุรีรัมย์,31190,0-4465-9020-3,"0-4465-9020-3 ext. 103,131,152",http://www.buriramsugar.com,
BRRGIF,กองทุนรวมโครงสร้างพื้นฐานโรงไฟฟ้ากลุ่มน้ำตาลบุรีรัมย์,SET,ทรัพยากร,พลังงานและสาธารณูปโภค,175 อาคารสาธรซิตี้ทาวเวอร์ ชั้น 7 ชั้น 21 และชั้น 26 ถนนสาทรใต้ แขวงทุ่งมหาเมฆ เขตสาทร กรุงเทพมหานคร,10120,0-2674-6488,0-2679-5995,http://www.bblam.co.th/,
BSBM,บริษัท บางสะพานบาร์มิล จำกัด (มหาชน),SET,สินค้าอุตสาหกรรม,เหล็ก และ ผลิตภัณฑ์โลหะ,"อาคารประภาวิทย์ ชั้น 8, 28/1 ถนนสุรศักดิ์ แขวงสีลม เขตบางรัก กรุงเทพมหานคร",10500,0-2630-0590-5,0-2236-6995-6,http://www.bsbm.co.th,
BSM,บริษัท บิวเดอสมาร์ท จำกัด (มหาชน),mai,อสังหาริมทรัพย์และก่อสร้าง,-,เลขที่ 905/8 ถนนพระราม 3 ซอย 51 แขวงบางโพงพาง เขตยานนาวา กรุงเทพมหานคร,10120,0-2683-4900,-,www.bsmgroup.asia,
BTC,บริษัท บรุ๊คเคอร์ กรุ๊ป จำกัด (มหาชน),mai,ธุรกิจการเงิน,-,"อาคารเดอะเทรนดี้ ชั้น 26, 10/190-193 ซอยสุขุมวิท13 ถนนสุขุมวิท แขวงคลองเตยเหนือ เขตวัฒนา กรุงเทพมหานคร",10110,0-2168-7100,0-2168-7111-2,www.brookergroup.com,
BTG,บริษัท เบทาโกร จำกัด (มหาชน),SET,เกษตรและอุตสาหกรรมอาหาร,อาหารและเครื่องดื่ม,323 หมู่ที่ 6 ทุ่งสองห้อง เขตหลักสี่ กรุงเทพมหานคร,-,0-2833-8000,-,www.betagro.com,
BTNC,บริษัท บูติคนิวซิตี้ จำกัด (มหาชน),SET,สินค้าอุปโภคบริโภค,แฟชั่น,1112/53-75 ซอยสุขุมวิท 48 ถนนสุขุมวิท แขวงพระโขนง เขตคลองเตย กรุงเทพมหานคร,10110,"0-2391-3311 , 0-2391-3320","0-2381-1656 , 0-2381-1658",www.btnc.co.th,
BTS,บริษัท บีทีเอส กรุ๊ป โฮลดิ้งส์ จำกัด (มหาชน),SET,บริการ,ขนส่งและโลจิสติกส์,เลขที่ 1000/9 อาคารบีทีเอส วิชันนารี ปาร์ค - เซาธ์ ทาวเวอร์ ช้ันที่ 33 ถนนพหลโยธิน แขวงจอมพล เขตจตุจักร กรุงเทพมหานคร,10900,0-2080-1000,-,http://www.btsgroup.co.th,
BTSGIF,กองทุนรวมโครงสร้างพื้นฐานระบบขนส่งมวลชนทางราง บีทีเอสโกรท,SET,บริการ,ขนส่งและโลจิสติกส์,175 อาคารสาธรซิตี้ทาวเวอร์ ชั้น 7 ชั้น 21 และ ชั้น 26 ถนนสาทรใต้ แขวงทุ่งมหาเมฆ เขตสาทร กรุงเทพมหานคร,10120,0-2674-6488,0-2679-5996,www.btsgif.com,
BTW,บริษัท บีที เวลธ์ อินดัสตรีส์ จำกัด (มหาชน),mai,อสังหาริมทรัพย์และก่อสร้าง,-,593/3 ซอยรามคำแหง 39 (เทพลีลา 1) ถนนรามคำแหง แขวงวังทองหลาง เขตวังทองหลาง กรุงเทพมหานคร,10310,0-2314-2150-52,0-2319-7301-02,www.btwealthindustries.com,
BUI,บริษัท บางกอกสหประกันภัย จำกัด (มหาชน),SET,ธุรกิจการเงิน,ประกันภัยและประกันชีวิต,"อาคารบางกอกสหประกันภัย,175-177 ถนนสุรวงศ์ แขวงสุริยวงศ์ เขตบางรัก กรุงเทพมหานคร",10500,"0-2233-6920, 0-2238-4111",0-2237-1856,http://www.bui.co.th,
BVG,บริษัท บลูเวนเจอร์ กรุ๊ป จำกัด (มหาชน),mai,เทคโนโลยี,-,100/22 อาคารสาธรนคร ทาวเวอร์ ชั้น 15 ถนนสาทรเหนือ แขวงสีลม เขตบางรัก กรุงเทพมหานคร,10500,0-2011-8600,0-2011-8610,www.blueventuregroup.co.th,
BWG,บริษัท เบตเตอร์ เวิลด์ กรีน จำกัด (มหาชน),SET,บริการ,บริการเฉพาะกิจ,488 ซอยลาดพร้าว 130 (มหาดไทย 2) แขวงคลองจั่น เขตบางกะปิ กรุงเทพมหานคร,10240,0-2012-7888,0-2012-7889,https://www.bwg.co.th,
B-WORK,ทรัสต์เพื่อการลงทุนในสิทธิการเช่าอสังหาริมทรัพย์บัวหลวง ออฟฟิศ,SET,อสังหาริมทรัพย์และก่อสร้าง,กองทุนรวมอสังหาริมทรัพย์และกองทรัสต์เพื่อการลงทุนในอสังหาริมทรัพย์,เลขที่ 175 อาคารสาธรซิตี้ทาวเวอร์ ชั้น 7 ชั้น 21 และ ชั้น 26 ถนนสาทรใต้ แขวงทุ่งมหาเมฆ เขตสาทร กรุงเทพมหานคร,10120,0-2674-6488,0-2679-5996,http://www.bworkreit.com,
BYD,บริษัทหลักทรัพย์ บียอนด์ จำกัด (มหาชน),SET,ธุรกิจการเงิน,เงินทุนและหลักทรัพย์,เลขที่ 548 อาคารวัน ซิตี้ เซ็นเตอร์ ชั้นที่ 56 ถนนเพลินจิต แขวงลุมพินี เขตปทุมวัน กรุงเทพมหานคร,10330,0-2820-0100,-,www.beyondsecurities.co.th,
CAZ,บริษัท ซี เอ แซด (ประเทศไทย) จำกัด (มหาชน),mai,อสังหาริมทรัพย์และก่อสร้าง,-,เลขที่ 239 ถนนห้วยโป่ง-หนองบอน ตำบลห้วยโป่ง อำเภอเมืองระยอง ระยอง,21150,0-3860-6242,0-3860-6166,www.caz.co.th,
CBG,บริษัท คาราบาวกรุ๊ป จำกัด (มหาชน),SET,เกษตรและอุตสาหกรรมอาหาร,อาหารและเครื่องดื่ม,393 อาคาร 393 สีลม ชั้น 7-10 ถนนสีลม แขวงสีลม เขตบางรัก กรุงเทพมหานคร,10500,0-2636-6111,0-2636-7949,www.carabaogroup.com,
CCET,บริษัท แคล-คอมพ์ อีเล็คโทรนิคส์ (ประเทศไทย) จำกัด (มหาชน),SET,เทคโนโลยี,ชิ้นส่วนอิเล็กทรอนิกส์,"อาคารซีทีไอ ทาวเวอร์ ชั้น 18, 191/54 และ 191/57 ถนนรัชดาภิเษก เขตคลองเตย กรุงเทพมหานคร",10110,0-2261-5033-40,0-2661-9396-7,www.calcomp.co.th,
CCP,บริษัท ผลิตภัณฑ์คอนกรีตชลบุรี จำกัด (มหาชน),SET,อสังหาริมทรัพย์และก่อสร้าง,วัสดุก่อสร้าง,39/1 หมู่ที่ 1 ถนนสุขุมวิท ตำบลห้วยกะปิ อำเภอเมือง ชลบุรี,20000,0-3879-5278-83,0-3827-2440-3,www.ccp.co.th,
CEN,บริษัท แคปปิทอล เอ็นจิเนียริ่ง เน็ตเวิร์ค จำกัด (มหาชน),SET,สินค้าอุตสาหกรรม,เหล็ก และ ผลิตภัณฑ์โลหะ,"เลขที่ 1011 อาคารศุภาลัย แกรนด์ ทาวเวอร์ ชั้น 17 ห้องเลขที่ 1703, 1704 ถนนพระราม 3 แขวงช่องนนทรี เขตยานนาวา กรุงเทพมหานคร",10120,0-2049-1041-44,0-2049-1045,www.cenplc.com,
CENTEL,บริษัท โรงแรมเซ็นทรัลพลาซา จำกัด (มหาชน),SET,บริการ,การท่องเที่ยวและสันทนาการ,1695 ถนนพหลโยธิน แขวงจตุจักร เขตจตุจักร กรุงเทพมหานคร,10900,0-2769-1234,0-2769-1235,www.centarahotelsresorts.com,
CEYE,บริษัท ตาชำนิ จำกัด (มหาชน),mai,บริการ,-,311 ถนนเสรี 6 แขวงสวนหลวง เขตสวนหลวง กรุงเทพมหานคร,10250,0-2718-9951-6,0-2718-9957,https://www.chamniseye.com/,
CFARM,บริษัท ชูวิทย์ฟาร์ม (2019) จำกัด (มหาชน),mai,เกษตรและอุตสาหกรรมอาหาร,-,723 ถนนโชคชัย - เดชอุดม ตำบลนางรอง อำเภอนางรอง บุรีรัมย์,31110,0-4411-5155,-,www.chuwitfarm.com,
CFRESH,บริษัท ซีเฟรชอินดัสตรี จำกัด (มหาชน),SET,เกษตรและอุตสาหกรรมอาหาร,อาหารและเครื่องดื่ม,402 หมู่ 8 ถนนชุมพร-ปากน้ำ ตำบลปากน้ำ อำเภอเมือง ชุมพร,86000,0-2637-8888,0-2637-8801,www.seafresh.com,
CGD,บริษัท คันทรี่ กรุ๊ป ดีเวลลอปเมนท์ จำกัด (มหาชน),SET,อสังหาริมทรัพย์และก่อสร้าง,พัฒนาอสังหาริมทรัพย์,เลขที่ 898 อาคารเพลินจิต ทาวเวอร์ ชั้นที่ 20 ถนนเพลินจิต แขวงลุมพินี เขตปทุมวัน กรุงเทพมหานคร,10330,0-2658-7888,0-2658-7880,www.cgd.co.th,
CGH,บริษัท คันทรี่ กรุ๊ป โฮลดิ้งส์ จำกัด (มหาชน),SET,ธุรกิจการเงิน,เงินทุนและหลักทรัพย์,เลขที่ 132 อาคารสินธร ทาวเวอร์ 3 ชั้น 20 ถนนวิทยุ แขวงลุมพินี เขตปทุมวัน กรุงเทพมหานคร,10330,0-2256-7999,0-2256-7888,www.cgholdings.co.th,
CH,บริษัท เจริญอุตสาหกรรม จำกัด (มหาชน),SET,เกษตรและอุตสาหกรรมอาหาร,อาหารและเครื่องดื่ม,เลขที่ 181 ถนนท่าข้าม แขวงแสมดํา เขตบางขุนเทียน กรุงเทพมหานคร,10150,0-2416-0708,0-2416-1909,https://chinhuay.com/,
CHAO,บริษัท เจ้าสัว ฟู้ดส์ อินดัสทรี จำกัด (มหาชน),SET,เกษตรและอุตสาหกรรมอาหาร,อาหารและเครื่องดื่ม,99 หมู่ที่ 9 ถนนมิตรภาพ ตำบลสุรนารี อำเภอเมือง นครราชสีมา,30000,0-4424-0999,-,www.chaosua.com,
CHARAN,บริษัท จรัญประกันภัย จำกัด (มหาชน),SET,ธุรกิจการเงิน,ประกันภัยและประกันชีวิต,408/1 ถนนรัชดาภิเษก แขวงสามเสนนอก เขตห้วยขวาง กรุงเทพมหานคร,10310,0-2276-1024,0-2275-4919,www.charaninsurance.com,
CHASE,บริษัท เชฎฐ์ เอเชีย จำกัด (มหาชน),SET,ธุรกิจการเงิน,เงินทุนและหลักทรัพย์,34/6 หมู่ที่ 1 ถนนแจ้งวัฒนะ ตำบลคลองเกลือ อำเภอปากเกร็ด นนทบุรี,11120,0-2855-8222,0-2855-8299,www.chase.co.th,
CHAYO,บริษัท ชโย กรุ๊ป จำกัด (มหาชน),SET,ธุรกิจการเงิน,เงินทุนและหลักทรัพย์,เลขที่ 44/543-544 ถนนพหลโยธิน แขวงอนุสาวรีย์ เขตบางเขน กรุงเทพมหานคร,10220,0-2016-4499,0-2001-2555,www.chayo555.com,
CHEWA,บริษัท ชีวาทัย จำกัด (มหาชน),mai,อสังหาริมทรัพย์และก่อสร้าง,-,967 ซอยลาดพร้าว 71 แขวงสะพานสอง เขตวังทองหลาง กรุงเทพมหานคร,10310,0-2679-8870-4,0-2679-8874,www.chewathai.com,
CHG,บริษัท โรงพยาบาลจุฬารัตน์ จำกัด (มหาชน),SET,บริการ,การแพทย์,88/8-9 หมู่ที่ 11 ตำบลบางปลา อำเภอบางพลี สมุทรปราการ,10540,0-2033-2900,0-2730-1125,www.chularat.com,
CHIC,บริษัท ชิค รีพับบลิค จำกัด (มหาชน),mai,บริการ,-,เลขที่ 90 ซอยโยธินพัฒนา ถนนประดิษฐ์มนูธรรม แขวงคลองจั่น เขตบางกะปิ กรุงเทพมหานคร,10240,0-2514-7111,0-2514-7114,www.chicrepublicthai.com,
CHO,บริษัท ช ทวี จำกัด (มหาชน),mai,สินค้าอุตสาหกรรม,-,เลขที่ 265 หมู่ 4 ถนนกลางเมือง ตำบลเมืองเก่า อำเภอเมืองขอนแก่น ขอนแก่น,40000,0-4304-3888,0-4304-3899,www.cho.co.th,
CHOTI,บริษัท ห้องเย็นโชติวัฒน์หาดใหญ่ จำกัด (มหาชน),SET,เกษตรและอุตสาหกรรมอาหาร,อาหารและเครื่องดื่ม,4/2 หมู่ 3 ถนนสายเอเชีย 43 ตำบลนาหม่อม กิ่งอำเภอนาหม่อม สงขลา,90310,0-7422-2333,0-7422-2300-1,www.kst-hatyai.com,
CHOW,บริษัท เชาว์ ไบรท์ เวนเจอร์ส โฮลดิ้งส์ จำกัด (มหาชน),mai,สินค้าอุตสาหกรรม,-,เลขที่ 2525 อาคารเอฟวายไอ เซ็นเตอร์ 2 ชั้น 10 ยูนิต 2/1007-1008 ถนนพระราม 4 แขวงคลองเตย เขตคลองเตย กรุงเทพมหานคร,10110,0-2033-0901-08,0-2033-0909,https://www.chowbright.com,
CI,บริษัท ชาญอิสสระ ดีเวล็อปเมนท์ จำกัด (มหาชน),SET,อสังหาริมทรัพย์และก่อสร้าง,พัฒนาอสังหาริมทรัพย์,อาคารชาญอิสสระทาวเวอร์ 2 ชั้น 10 เลขที่ 2922/200 ถนนเพชรบุรีตัดใหม่ แขวงบางกะปิ เขตห้วยขวาง กรุงเทพมหานคร,10320,0-2308-2020,0-2308-2990,www.charnissara.com,
CIG,บริษัท ซี.ไอ.กรุ๊ป จำกัด (มหาชน),mai,สินค้าอุตสาหกรรม,-,1/1 หมู่ 7 ถนนบางคูวัด ตำบลบางคูวัด อำเภอเมือง ปทุมธานี,12000,"0-2976-5290-9, 0-2598-2331-2",0-2976-5023,www.cigpcl.com,
CIMBT,ธนาคาร ซีไอเอ็มบี ไทย จำกัด (มหาชน),SET,ธุรกิจการเงิน,ธนาคาร,44 ถนนหลังสวน แขวงลุมพินี เขตปทุมวัน กรุงเทพมหานคร,10330,"0-2626-7000,0-2657-3000 ext. 0,0-2638-8000",0-2657-3333,http://www.cimbthai.com,
CITY,บริษัท ซิตี้ สตีล จำกัด (มหาชน),SET,สินค้าอุตสาหกรรม,เหล็ก และ ผลิตภัณฑ์โลหะ,88/3 หมู่ 4 ถนนบายพาส ตำบลหนองไม้แดง อำเภอเมือง ชลบุรี,20000,0-3821-4530-2,0-3821-4534,http://www.citysteelpcl.com,
CIVIL,บริษัท ซีวิลเอนจีเนียริง จำกัด (มหาชน),SET,อสังหาริมทรัพย์และก่อสร้าง,บริการรับเหมาก่อสร้าง,68/12 อาคารซีอีซี ชั้น 7 ถนนกำแพงเพชร 6 แขวงลาดยาว เขตจตุจักร กรุงเทพมหานคร,10900,0-2589-8888-9,0-2589-8886-7,www.civilengineering.co.th,
CK,บริษัท ช.การช่าง จำกัด (มหาชน),SET,อสังหาริมทรัพย์และก่อสร้าง,บริการรับเหมาก่อสร้าง,"อาคารวิริยะถาวร, 587 ถนนสุทธิสารวินิจฉัย แขวงรัชดาภิเษก เขตดินแดง กรุงเทพมหานคร",10400,"0-2277-0460, 0-2275-0026",0-2275-7029,http://www.ch-karnchang.co.th,
CKP,บริษัท ซีเค พาวเวอร์ จำกัด (มหาชน),SET,ทรัพยากร,พลังงานและสาธารณูปโภค,เลขที่ 587 อาคารวิริยะถาวร ชั้น 19 ถนนสุทธิสารวินิจฉัย แขวงดินแดง เขตดินแดง กรุงเทพมหานคร,10400,0-2691-9720-2,0-2691-9723,www.ckpower.co.th,
CM,บริษัท เชียงใหม่โฟรเซ่นฟูดส์ จำกัด (มหาชน),SET,เกษตรและอุตสาหกรรมอาหาร,อาหารและเครื่องดื่ม,149/34 ชั้น 3-4 ซอยแองโกลพลาซ่า ถนนสุรวงศ์ แขวงสุริยวงศ์ เขตบางรัก กรุงเทพมหานคร,10500,"0-2238-4091, 0-2235-9934, 0-2634-0061-4",0-2238-4090,www.cmfrozen.com,
CMAN,บริษัท เคมีแมน จำกัด (มหาชน),SET,สินค้าอุตสาหกรรม,ปิโตรเคมีและเคมีภัณฑ์,195/11-12 อาคารเลครัชดา ออฟฟิส คอมเพล็กซ์ 2 ชั้น 10-11 ถนนรัชดาภิเษก แขวงคลองเตย เขตคลองเตย กรุงเทพมหานคร,10110,0-2661-9734,0-2260-9176,www.chememan.com,
CMC,บริษัท เจ้าพระยามหานคร จำกัด (มหาชน),SET,อสังหาริมทรัพย์และก่อสร้าง,พัฒนาอสังหาริมทรัพย์,เลขที่ 909/1 อาคารซีเอ็มซี ทาวเวอร์ ชั้น 6 ห้อง 601-602 ถนนสมเด็จพระเจ้าตากสิน แขวงดาวคะนอง เขตธนบุรี กรุงเทพมหานคร,10600,0-2468-9000 Ext.1172,0-2460-2080,http://www.cmc.co.th,
CMO,บริษัท ซีเอ็มโอ จำกัด (มหาชน),mai,บริการ,-,4/18-19 ซ.นวลจันทร์ 56 แขวงนวลจันทร์ เขตบึงกุ่ม กรุงเทพมหานคร,10230,0-2088-3888,0-2088-3857,http://www.cmo-group.com,
CMR,บริษัท เชียงใหม่รามธุรกิจการแพทย์ จำกัด (มหาชน),SET,บริการ,การแพทย์,เลขที่ 8 ถนนบุญเรืองฤทธิ์ ตำบลศรีภูมิ อำเภอเมืองเชียงใหม่ เชียงใหม่,50200,0-5399-9777,0-5399-9799,http://www.lanna-hospital.com,
CNT,บริษัท คริสเตียนีและนีลเส็น (ไทย) จำกัด (มหาชน),SET,อสังหาริมทรัพย์และก่อสร้าง,บริการรับเหมาก่อสร้าง,727 ถนนลาซาล แขวงบางนาใต้ เขตบางนา กรุงเทพมหานคร,10260,0-2338-8000,0-2338-8090,http://www.cn-thai.co.th,
COCOCO,บริษัท ไทย โคโคนัท จำกัด (มหาชน),SET,เกษตรและอุตสาหกรรมอาหาร,อาหารและเครื่องดื่ม,108/45 ซอยแจ้งวัฒนะ 20 ถนนแจ้งวัฒนะ ตำบลปากเกร็ด อำเภอปากเกร็ด นนทบุรี,11120,0-2584-1777,-,https://www.thaicoconut.com,
COLOR,บริษัท สาลี่ คัลเล่อร์ จำกัด (มหาชน),mai,สินค้าอุตสาหกรรม,-,เลขที่ 858 หมู่ที่ 2 ซอย 1C/1 นิคมอุตสาหกรรมบางปู ตำบลบางปูใหม่ อำเภอเมืองสมุทรปราการ สมุทรปราการ,10280,0-2323-2601-8,0-2323-2227-8,http://www.saleecolour.com,
COM7,บริษัท คอมเซเว่น จำกัด (มหาชน),SET,บริการ,พาณิชย์,549/1 ถนนสรรพาวุธ แขวงบางนา เขตบางนา กรุงเทพมหานคร,10260,0-2017-7777,-,www.comseven.com,
COMAN,บริษัท โคแมนชี่ อินเตอร์เนชั่นแนล จำกัด (มหาชน),mai,เทคโนโลยี,-,เลขที่ 161 ซอยสุขุมวิท 55 (ทองหล่อ) แขวงคลองตันเหนือ เขตวัฒนา กรุงเทพมหานคร,10110,0-2120-6252,-,www.comancheinternational.com,
CPALL,บริษัท ซีพี ออลล์ จำกัด (มหาชน),SET,บริการ,พาณิชย์,เลขที่ 313 อาคารซีพี ทาวเวอร์ ชั้น 24 ถนนสีลม แขวงสีลม เขตบางรัก กรุงเทพมหานคร,10500,0-2071-9000,0-2071-8617,www.cpall.co.th,
CPANEL,บริษัท ซีแพนเนล จำกัด (มหาชน),mai,อสังหาริมทรัพย์และก่อสร้าง,-,เลขที่ 85 หมู่ที่ 9 ตำบลหนองอิรุณ อำเภอบ้านบึง ชลบุรี,20220,0-3811-0868-73,0-3811-0874,https://www.cpanel.co.th,
CPAXT,บริษัท ซีพี แอ็กซ์ตร้า จำกัด (มหาชน),SET,บริการ,พาณิชย์,1468 ถนนพัฒนาการ แขวงพัฒนาการ เขตสวนหลวง กรุงเทพมหานคร,10250,0-2067-8999,0-2067-9888,www.cpaxtra.com,
CPF,บริษัท เจริญโภคภัณฑ์อาหาร จำกัด (มหาชน),SET,เกษตรและอุตสาหกรรมอาหาร,อาหารและเครื่องดื่ม,"อาคาร ซี.พี. ทาวเวอร์ ชั้น 15, 313 ถนนสีลม แขวงสีลม เขตบางรัก กรุงเทพมหานคร",10500,0-2766-8000,0-2638-2942,www.cpfworldwide.com,
CPH,บริษัท คาสเซ่อร์พีคโฮลดิ้งส์ จำกัด (มหาชน),SET,สินค้าอุปโภคบริโภค,แฟชั่น,899 ถนนเพชรเกษม แขวงบางแค เขตบางแค กรุงเทพมหานคร,10160,0-2455-0300-9,0-2455-0358-9,www.castlepeak.co.th,
CPI,บริษัท ชุมพรอุตสาหกรรมน้ำมันปาล์ม จำกัด (มหาชน),SET,เกษตรและอุตสาหกรรมอาหาร,อาหารและเครื่องดื่ม,"ลุมพินีทาวเวอร์ ชั้น 30, 1168/91 ถนนพระราม 4 เขตสาทร กรุงเทพมหานคร",10120,"0-2285-6370-2, 0-2679-9166",0-2285-6369,www.cpi-th.com,
CPL,บริษัท ซีพีแอล กรุ๊ป จำกัด (มหาชน),SET,สินค้าอุปโภคบริโภค,แฟชั่น,700 หมู่ 6 ถนนสุขุมวิทสายเก่า ตำบลบางปูใหม่ อำเภอเมือง สมุทรปราการ,10280,0-2709-5633-8,"0-2709-6033, 0-2709-6044",http://www.cpl.co.th,
CPN,บริษัท เซ็นทรัลพัฒนา จำกัด (มหาชน),SET,อสังหาริมทรัพย์และก่อสร้าง,พัฒนาอสังหาริมทรัพย์,"อาคารสำนักงานเซ็นทรัลเวิลด์ ชั้น 31-33, 999/9 ถนนพระราม 1 แขวงปทุมวัน เขตปทุมวัน กรุงเทพมหานคร",10330,0-2667-5555,0-2264-5593,www.centralpattana.co.th,
CPNCG,กองทุนรวมสิทธิการเช่าอสังหาริมทรัพย์ CPN คอมเมอร์เชียล โกรท,SET,อสังหาริมทรัพย์และก่อสร้าง,กองทุนรวมอสังหาริมทรัพย์และกองทรัสต์เพื่อการลงทุนในอสังหาริมทรัพย์,ชั้น 7-8 อาคาร 1 ไทยพาณิชย์ ปาร์ค พลาซ่า เลขที่ 18 ถนนรัชดาภิเษก แขวงจตุจักร เขตจตุจักร กรุงเทพมหานคร,10900,0-2949-1500,0-2949-1501,www.cpncg.com,
CPNREIT,ทรัสต์เพื่อการลงทุนในสิทธิการเช่าอสังหาริมทรัพย์ CPN รีเทล โกรท,SET,อสังหาริมทรัพย์และก่อสร้าง,กองทุนรวมอสังหาริมทรัพย์และกองทรัสต์เพื่อการลงทุนในอสังหาริมทรัพย์,เลขที่ 999/9 ถนนพระราม 1 แขวงปทุมวัน เขตปทุมวัน กรุงเทพมหานคร,10330,0-2667-5555 Ext. 1660,0-2667-5590,www.cpnreit.com,
CPR,บริษัท ซีพีอาร์ โกมุ อินดัสเตรียล จำกัด (มหาชน),mai,สินค้าอุตสาหกรรม,-,78 หมู่ 2 ถนนพหลโยธิน (กิโลเมตรที่ 77.5) ตำบลสนับทึบ อำเภอวังน้อย พระนครศรีอยุธยา,13170,0-3535-2685,"0-3572-3323, 0-3572-3332",www.cprgomu.co.th,
CPT,บริษัท ซีพีที ไดร์ แอนด์ เพาเวอร์ จำกัด (มหาชน),SET,สินค้าอุตสาหกรรม,วัสดุอุตสาหกรรมและเครื่องจักร,เลขที่ 230/7 ถนนเทศบาลรังรักษ์เหนือ แขวงลาดยาว เขตจตุจักร กรุงเทพมหานคร,10900,0-2954-2590-2,0-2580-6332-4,www.CPTthailand.com,
CPTREIT,ทรัสต์เพื่อการลงทุนในสิทธิการเช่าอสังหาริมทรัพย์ ซี.พี.ทาวเวอร์,SET,อสังหาริมทรัพย์และก่อสร้าง,กองทุนรวมอสังหาริมทรัพย์และกองทรัสต์เพื่อการลงทุนในอสังหาริมทรัพย์,บริษัท ซีพี แลนด์ รีท โกรท จำกัด เลขที่ 3 อาคารซี.พี.ทาวเวอร์ 2 ถนนรัชดาภิเษก แขวงดินแดง กรุงเทพมหานคร,10400,0-2766-3914,-,https://www.cptreit.com,
CPW,บริษัท คอปเปอร์ ไวร์ด จำกัด (มหาชน),SET,บริการ,พาณิชย์,159/6 อาคารเสริมมิตร ทาวเวอร์ ชั้น 2 ห้อง 201 ? 202 ถนนสุขุมวิท 21 (อโศก) แขวงคลองเตยเหนือ เขตวัฒนา กรุงเทพมหานคร,10110,0-2665-2950-3,0-2665-2954,www.copperwired.co.th,
CRANE,บริษัท ชูไก จำกัด (มหาชน),SET,สินค้าอุตสาหกรรม,วัสดุอุตสาหกรรมและเครื่องจักร,เลขที่ 44/88 หมู่ที่ 1 ถนนบางนา-ตราด กม. 22 ตำบลศีรษะจรเข้ใหญ่ อำเภอบางเสาธง สมุทรปราการ,10570,0-2715-0000,0-2715-0055,www.chukai.co.th,
CRC,บริษัท เซ็นทรัล รีเทล คอร์ปอเรชั่น จำกัด (มหาชน),SET,บริการ,พาณิชย์,เลขที่ 22 ซอยสมคิด ถนนเพลินจิต แขวงลุมพินี เขตปทุมวัน กรุงเทพมหานคร,10330,0-2650-3600,-,https://www.centralretail.com/,
CRD,บริษัท เชียงใหม่ริมดอย จำกัด (มหาชน),mai,อสังหาริมทรัพย์และก่อสร้าง,-,เลขที่ 164/34-36 ถนนช้างคลาน ตำบลช้างคลาน อำเภอเมืองเชียงใหม่ เชียงใหม่,50100,"0-5327-1420, 0-5327-2429",0-5381-8465,www.cmrd.co.th,
CREDIT,ธนาคารไทยเครดิต จำกัด (มหาชน),SET,ธุรกิจการเงิน,ธนาคาร,123 อาคาร วี.วรรณ ทาวเวอร์ ถนนพระราม 9 แขวงห้วยขวาง เขตห้วยขวาง กรุงเทพมหานคร,10310,0-2697-5300,0-2642-3096,www.thaicreditbank.com,
CSC,บริษัท ฝาจีบ จำกัด (มหาชน),SET,สินค้าอุตสาหกรรม,บรรจุภัณฑ์,5 ซอยรังสิต-นครนายก 46 ตำบลประชาธิปัตย์ อำเภอธัญบุรี ปทุมธานี,12130,0-2533-0450-9,0-2974-1114,www.crownseal.co.th,
CSP,บริษัท ซีเอสพี สตีลเซ็นเตอร์ จำกัด (มหาชน),SET,สินค้าอุตสาหกรรม,เหล็ก และ ผลิตภัณฑ์โลหะ,475 ถนนพระราม 3 แขวงบางโคล่ เขตบางคอแหลม กรุงเทพมหานคร,10120,0-2291-6314-21,0-2291-3828,www.cspsteel.com,
CSR,บริษัท เทพธานีกรีฑา จำกัด (มหาชน),SET,บริการ,การท่องเที่ยวและสันทนาการ,22 ถนนนวธานี แขวงรามอินทรา เขตคันนายาว กรุงเทพมหานคร,10230,"0-2376-1693-5, 0-2376-1034-6",0-2376-1685,www.navatanee.com,
CSS,บริษัท คอมมิวนิเคชั่น แอนด์ ซิสเต็มส์ โซลูชั่น จำกัด (มหาชน),SET,บริการ,พาณิชย์,329 หมู่ที่ 3 ตำบลบ้านใหม่ ตำบลบ้านใหม่ อำเภอปากเกร็ด นนทบุรี,11120,0-2018-1111,0-2018-1142,www.cssthai.com,
CTARAF,กองทุนรวมสิทธิการเช่าอสังหาริมทรัพย์โรงแรมและรีสอร์ทในเครือฯ,SET,อสังหาริมทรัพย์และก่อสร้าง,กองทุนรวมอสังหาริมทรัพย์และกองทรัสต์เพื่อการลงทุนในอสังหาริมทรัพย์,เลขที่ 400/22 อาคารธนาคารกสิกรไทย ชั้น 6 และ 12 ถนนพหลโยธิน แขวงสามเสนใน เขตพญาไท กรุงเทพมหานคร,10400,0-2673-3999,-,-,
CTW,บริษัท จรุงไทยไวร์แอนด์เคเบิ้ล จำกัด (มหาชน),SET,สินค้าอุตสาหกรรม,วัสดุอุตสาหกรรมและเครื่องจักร,เลขที่ 589/71 อาคารเซ็นทรัลซิตี้ทาวเวอร์ ชั้น 12 เอ ถนนเทพรัตน แขวงบางนาเหนือ เขตบางนา กรุงเทพมหานคร,10260,0-2745-6118-30,0-2745-6131-32,www.ctw.co.th,
CV,บริษัท โคลเวอร์ เพาเวอร์ จำกัด (มหาชน),SET,ทรัพยากร,พลังงานและสาธารณูปโภค,เลขที่ 159 ซอยพระรามเก้า 57/1 (วิเศษสุข 2) แขวงพัฒนาการ เขตสวนหลวง กรุงเทพมหานคร,10250,0-2731-7999,-,www.cloverpower.co.th,
CWT,บริษัท ชัยวัฒนา แทนเนอรี่ กรุ๊ป จำกัด (มหาชน),SET,สินค้าอุตสาหกรรม,ยานยนต์,"176/1,1480 หมู่ 1 ซอยฟอกหนัง ถนนสุขุมวิท กม.30 ตำบลท้ายบ้าน อำเภอเมือง สมุทรปราการ",10280,0-2703-7880,0-2703-7882,www.cwt.co.th,
D,บริษัท เดนทัล คอร์ปอเรชั่น จำกัด (มหาชน),mai,บริการ,-,เลขที่ 157 ชั้นที่ 2 ถนนรัชดาภิเษก แขวงดินแดง เขตดินแดง กรุงเทพมหานคร,10400,0-2245-7198,-,www.dentalcorpthailand.com,
DCC,บริษัท ไดนาสตี้เซรามิค จำกัด (มหาชน),SET,อสังหาริมทรัพย์และก่อสร้าง,วัสดุก่อสร้าง,37/7 ถนนสุทธิสารวินิจฉัย แขวงสามเสนนอก เขตห้วยขวาง กรุงเทพมหานคร,10320,0-2276-9275-81,-,www.dynastyceramic.com,
DCON,บริษัท ดีคอนโปรดักส์ จำกัด (มหาชน),SET,อสังหาริมทรัพย์และก่อสร้าง,วัสดุก่อสร้าง,"ตึกช้าง อาคารบี ชั้นที่ 8, 3300/57 สี่แยกรัชโยธิน ถนนพหลโยธิน แขวงจอมพล เขตจตุจักร กรุงเทพมหานคร",10900,0-2937-3312,0-2937-3328,www.dconproduct.com,
DDD,บริษัท ดู เดย์ ดรีม จำกัด (มหาชน),SET,สินค้าอุปโภคบริโภค,ของใช้ส่วนตัวและเวชภัณฑ์,เลขที่ 32 ถนนเคหะร่มเกล้า แขวงราษฎร์พัฒนา เขตสะพานสูง กรุงเทพมหานคร,10240,0-2917-3055,0-2917-3054,http://www.dodaydream.com,
DELTA,บริษัทเดลต้า อีเลคโทรนิคส์ (ประเทศไทย) จำกัด (มหาชน),SET,เทคโนโลยี,ชิ้นส่วนอิเล็กทรอนิกส์,909 ซอย 9 หมู่ 4 นิคมอุตสาหกรรมบางปู ตำบลแพรกษา อำเภอเมืองสมุทรปราการ สมุทรปราการ,10280,0-2709-3200,0-2324-0243,http://www.deltathailand.com,
DEMCO,บริษัท เด็มโก้ จำกัด (มหาชน),SET,อสังหาริมทรัพย์และก่อสร้าง,บริการรับเหมาก่อสร้าง,59 หมู่ 1 ตำบลสวนพริกไทย อำเภอเมือง ปทุมธานี,12000,0-2959-5811,0-2959-5816,http://www.demco.co.th,
DEXON,บริษัท เด็กซ์ซอน เทคโนโลยี จำกัด (มหาชน),mai,บริการ,-,เลขที่ 78/4-5 หมู่ที่ 6 ถนนสุขุมวิท ตำบลบ้านฉาง อำเภอบ้านฉาง ระยอง,21130,033-012-484-7,033-012-530,www.dexon-technology.com,
DHOUSE,บริษัท ดีเฮ้าส์พัฒนา จำกัด (มหาชน),mai,อสังหาริมทรัพย์และก่อสร้าง,-,เลขที่ 99 ถนนสารคาม - วาปีปทุม ตำบลตลาด อำเภอเมืองมหาสารคาม มหาสารคาม,44000,0-4372-2000,0-4372-2272,www.dhousepattana.com,
DIF,กองทุนรวมโครงสร้างพื้นฐานโทรคมนาคม ดิจิทัล,SET,เทคโนโลยี,เทคโนโลยีสารสนเทศและการสื่อสาร,ชั้น 7-8 อาคาร 1 ไทยพาณิชย์ ปาร์ค พลาซ่า เลขที่ 18 ถนนรัชดาภิเษก แขวงจตุจักร เขตจตุจักร กรุงเทพมหานคร,10900,0-2949-1500,0-2949-1501,www.digital-tif.com,
DIMET,บริษัท ไดเมท (สยาม) จำกัด (มหาชน),mai,อสังหาริมทรัพย์และก่อสร้าง,-,เลขที่ 602 หมู่ที่ 2 นิคมอุตสาหกรรมบางปู ซอย 1 ถนนสุขุมวิท ตำบลบางปูใหม่ อำเภอเมืองสมุทรปราการ สมุทรปราการ,10280,0-2323-2800-6,0-2323-2807,www.dimetsiam.com,
DITTO,บริษัท ดิทโต้ (ประเทศไทย) จำกัด (มหาชน),SET,เทคโนโลยี,เทคโนโลยีสารสนเทศและการสื่อสาร,235/1-3 ถนนราษฎร์พัฒนา แขวงราษฎร์พัฒนา เขตสะพานสูง กรุงเทพมหานคร,10240,0-2517-5555,0-2517-5434,http://www.dittothailand.com/,
DMT,บริษัท ทางยกระดับดอนเมือง จำกัด (มหาชน),SET,บริการ,ขนส่งและโลจิสติกส์,40/40 ถนนวิภาวดีรังสิต แขวงสนามบิน เขตดอนเมือง กรุงเทพมหานคร,10210,0-2792-6500,0-2552-8065,www.tollway.co.th,
DOD,บริษัท ดีโอดี ไบโอเทค จำกัด (มหาชน),mai,สินค้าอุปโภคบริโภค,-,เลขที่ 111 หมู่ 2 ตำบลท่าจีน อำเภอเมืองสมุทรสาคร สมุทรสาคร,74000,"0-3444-6333, 0-3444-6444",0-3444-0373,www.dodbiotech.com,
DOHOME,บริษัท ดูโฮม จำกัด (มหาชน),SET,บริการ,พาณิชย์,เลขที่ 88/111 หมู่ที่ 3 ตำบลบางพูน อำเภอเมืองปทุมธานี ปทุมธานี,12000,-,-,https://www.dohome.co.th/,
DPAINT,บริษัท สีเดลต้า จำกัด (มหาชน),mai,อสังหาริมทรัพย์และก่อสร้าง,-,55 อาคารเดลต้าเฮ้าส์ ถนนเทียนร่วมมิตร แขวงห้วยขวาง เขตห้วยขวาง กรุงเทพมหานคร,10310,0-2247-2820-9,0-2247-1676,www.deltapaint.co.th,
DREIT,ทรัสต์เพื่อการลงทุนในอสังหาริมทรัพย์และสิทธิการเช่าดุสิตธานี,SET,อสังหาริมทรัพย์และก่อสร้าง,กองทุนรวมอสังหาริมทรัพย์และกองทรัสต์เพื่อการลงทุนในอสังหาริมทรัพย์,เลขที่ 319 อาคารจัตุรัสจามจุรี ชั้น 29 ถนนพญาไท แขวงปทุมวัน เขตปทุมวัน กรุงเทพมหานคร,10330,0-2200-9999 Ext. 3681-4,0-2636-3545,www.dtcreit.com,
DRT,บริษัท ผลิตภัณฑ์ตราเพชร จำกัด (มหาชน),SET,อสังหาริมทรัพย์และก่อสร้าง,วัสดุก่อสร้าง,69-70 หมู่ 1 ถนนมิตรภาพ กม. 115 ตำบลตลิ่งชัน อำเภอเมือง สระบุรี,18000,0-3622-4171-8,0-3622-4185-7,www.dbp.co.th,
DTCENT,บริษัท ดี.ที.ซี. เอ็นเตอร์ไพรส์ จำกัด (มหาชน),SET,เทคโนโลยี,เทคโนโลยีสารสนเทศและการสื่อสาร,63 ซอยสุขุมวิท 68 ถนนสุขุมวิท แขวงบางนาเหนือ เขตบางนา กรุงเทพมหานคร,10260,1176,0-2744-7667,https://www.dtc.co.th,
DTCI,บริษัท ดี.ที.ซี.อินดัสตรี่ส์ จำกัด (มหาชน),SET,สินค้าอุปโภคบริโภค,ของใช้ในครัวเรือนและสำนักงาน,176 ซอยพงษ์เวชอนุสรณ์ ถนนสุขุมวิท 64 แขวงบางจาก เขตพระโขนง กรุงเทพมหานคร,10260,0-2311-1371-6,"0-2331-5615, 0-2311-7796",www.lancerth.com,
DUSIT,บริษัท ดุสิตธานี จำกัด (มหาชน),SET,บริการ,การท่องเที่ยวและสันทนาการ,เลขที่ 319 อาคารจัตุรัสจามจุรี ชั้น 29 ถนนพญาไท แขวงปทุมวัน เขตปทุมวัน กรุงเทพมหานคร,10330,0-2200-9999,-,http://www.dusit.com,
DV8,บริษัท ดีวี8 จำกัด (มหาชน),mai,บริการ,-,15 ซอยพัฒนาการ 56 แขวงสวนหลวง เขตสวนหลวง กรุงเทพมหานคร,10250,0-2321-6999,0-2321-1789,www.dv8.co.th,
EA,บริษัท พลังงานบริสุทธิ์ จำกัด (มหาชน),SET,ทรัพยากร,พลังงานและสาธารณูปโภค,ชั้น 16 อาคารเอไอเอ แคปปิตอล เซ็นเตอร์ เลขที่ 89 ถนนรัชดาภิเษก เขตดินแดง กรุงเทพมหานคร,10400,"0-2248-2488-92, 0-2002-3667-9",0-2248-2493,http://www.energyabsolute.co.th,
EASON,บริษัท อีซึ่น แอนด์ โค จำกัด (มหาชน),SET,สินค้าอุตสาหกรรม,ยานยนต์,7/1-2 หมู่ 1 ตำบลพานทอง อำเภอพานทอง ชลบุรี,20160,0-3845-1833,0-3845-1825,www.easonplc.com,
EAST,บริษัท ตะวันออกพาณิชย์ลีสซิ่ง จำกัด (มหาชน),SET,ธุรกิจการเงิน,เงินทุนและหลักทรัพย์,976/1 ซอยโรงพยาบาลพระราม 9 ถนนริมคลองสามเสน แขวงบางกะปิ เขตห้วยขวาง กรุงเทพมหานคร,10310,0-2641-5252,0-2641-5994-5,www.eastautocash.com,
EASTW,บริษัท จัดการและพัฒนาทรัพยากรน้ำภาคตะวันออก จำกัด (มหาชน),SET,ทรัพยากร,พลังงานและสาธารณูปโภค,"อาคารอีสท์วอเตอร์ ชั้น 23-26, 1 ซอยวิภาวดีรังสิต 5 ถนนวิภาวดีรังสิต แขวงจอมพล เขตจตุจักร กรุงเทพมหานคร",10900,0-2272-1600,0-2272-1601,http://www.eastwater.com,
ECF,บริษัท อีสต์โคสท์เฟอร์นิเทค จำกัด (มหาชน),mai,สินค้าอุปโภคบริโภค,-,37/9 หมู่ 10 ถนนบ้านบึง - แกลง ตำบลทางเกวียน อำเภอแกลง ระยอง,21110,"0-3867-1361, 0-3888-6372-4",0-3888-6375,www.eastcoast.co.th,
EFORL,บริษัท อี ฟอร์ แอล เอม จำกัด (มหาชน),mai,สินค้าอุปโภคบริโภค,-,เลขที่ 432 ถนนราชวิถี แขวงบางยี่ขัน เขตบางพลัด กรุงเทพมหานคร,10700,0-2883-0871-9,-,www.eforl-aim.com,
EGATIF,กองทุนรวมโครงสร้างพื้นฐาน โรงไฟฟ้าพระนครเหนือ ชุดที่ 1 การไฟฟ้าฝ่ายผลิตแห่งประเทศไทย,SET,ทรัพยากร,พลังงานและสาธารณูปโภค,1 อาคารเอ็มไพร์ทาวเวอร์ ชั้น 32 ถนนสาทรใต้ แขวงยานนาวา เขตสาทร กรุงเทพมหานคร,10120,0-2686-6100,0-2670-0430,www.ktam.co.th,
EGCO,บริษัท ผลิตไฟฟ้า จำกัด (มหาชน),SET,ทรัพยากร,พลังงานและสาธารณูปโภค,"อาคารเอ็กโก, 222 หมู่ 5 ถนนวิภาวดีรังสิต แขวงทุ่งสองห้อง เขตหลักสี่ กรุงเทพมหานคร",10210,"0-2998-5000, 0-2998-5999",0-2955-0956-9,http://www.egco.com,
EKH,บริษัท เอกชัยการแพทย์ จำกัด (มหาชน),SET,บริการ,การแพทย์,เลขที่ 99/9 หมู่ที่ 4 ถนนเอกชัย ตำบลโคกขาม อำเภอเมืองสมุทรสาคร สมุทรสาคร,74000,0-3441-7999 or 1715,0-3441-7903,www.ekachaihospital.com,
EMC,บริษัท อีเอ็มซี จำกัด (มหาชน),SET,อสังหาริมทรัพย์และก่อสร้าง,บริการรับเหมาก่อสร้าง,140/66 อาคารไอทีเอฟ ทาวเวอร์ ชั้น 28 ถนนสีสม แขวงสุริยวงศ์ เขตบางรัก กรุงเทพมหานคร,10500,0-2615-6100,0-2615-6128,www.emc.co.th,
EMPIRE,บริษัท ออริจิ้น โกลบอล เอมไพร์ จำกัด (มหาชน),mai,อสังหาริมทรัพย์และก่อสร้าง,-,เลขที่ 89 อาคาร เอไอเอ แคปปิตอล เซ็นเตอร์ ชั้น 9 ห้อง 901 ถนนรัชดาภิเษก แขวงดินแดง เขตดินแดง กรุงเทพมหานคร,10400,0-2248-1948,0-2248-1949,https://www.orgempire.com,
EP,บริษัท อีสเทอร์น พาวเวอร์ กรุ๊ป จำกัด (มหาชน),SET,ทรัพยากร,พลังงานและสาธารณูปโภค,"เลขที่ 51/29, 51/61 ซอยวิภาวดีรังสิต66 (สยามสามัคคี) แขวงตลาดบางเขน เขตหลักสี่ กรุงเทพมหานคร",10210,0-2551-0541-4,"0-2552-0905, 0-2551-0532",http://www.epco.co.th,
EPG,บริษัท อีสเทิร์นโพลีเมอร์ กรุ๊ป จำกัด (มหาชน),SET,อสังหาริมทรัพย์และก่อสร้าง,วัสดุก่อสร้าง,770 หมู่ 6 ถนนเทพารักษ์ อำเภอเมือง สมุทรปราการ,10270,0-2383-6599,0-2383-6532,www.epg.co.th,
ERW,บริษัท ดิ เอราวัณ กรุ๊ป จำกัด (มหาชน),SET,บริการ,การท่องเที่ยวและสันทนาการ,"อาคารเพลินจิต เซ็นเตอร์ ชั้น 6, 2 ถนนสุขุมวิท แขวงคลองเตย เขตคลองเตย กรุงเทพมหานคร",10110,0-2257-4588,0-2257-4577,http://www.theerawan.com,
ESTAR,บริษัท อีสเทอร์น สตาร์ เรียล เอสเตท จำกัด (มหาชน),SET,อสังหาริมทรัพย์และก่อสร้าง,พัฒนาอสังหาริมทรัพย์,"อาคารเพลินจิตทาวเวอร์ ชั้น 5, 898 ถนนเพลินจิต แขวงลุมพินี เขตปทุมวัน กรุงเทพมหานคร",10330,0-2263-1010,0-2263-1009,www.estarpcl.com,
ETC,บริษัท เอิร์ธ เท็ค เอนไวรอนเมนท์ จำกัด (มหาชน),SET,ทรัพยากร,พลังงานและสาธารณูปโภค,"88, 88/1 หมู่ที่ 1 ตำบลบ้านธาตุ อำเภอแก่งคอย สระบุรี",18110,0-3620-0294,0-3620-0295,http://www.etcenvi.com,
ETE,บริษัท บูรพา เทคนิคอล เอ็นจิเนียริ่ง จำกัด (มหาชน),mai,บริการ,-,88 ซอยโยธินพัฒนา แขวงคลองจั่น เขตบางกะปิ กรุงเทพมหานคร,10240,0-2158-2000,-,www.eastern-groups.com,
ETL,บริษัท ยูโรเอเชีย โทเทิล โลจิสติกส์ จำกัด (มหาชน),SET,บริการ,ขนส่งและโลจิสติกส์,88/8 ชั้น 4 ถนนนนทรี แขวงช่องนนทรี เขตยานนาวา กรุงเทพมหานคร,10120,0-2123-1727,-,www.etl.co.th,
EURO,บริษัท ยูโร ครีเอชั่นส์ จำกัด (มหาชน),mai,สินค้าอุปโภคบริโภค,-,1050 สุขุมวิท 66/1 ถนนสุขุมวิท แขวงพระโขนงใต้ เขตพระโขนง กรุงเทพมหานคร,10260,0-2744-9624,0-2744-9624,www.eurocreations.co.th,
EVER,บริษัท เอเวอร์แลนด์ จำกัด (มหาชน),SET,อสังหาริมทรัพย์และก่อสร้าง,พัฒนาอสังหาริมทรัพย์,เลขที่ 223/96 อาคาร คันทรี่ ทาวเวอร์ ชั้น 21 ถนนสรรพาวุธ แขวงบางนา เขตบางนา กรุงเทพมหานคร,10260,0-2361-6156-60,0-2720-7598-9,www.everland.co.th,
F&D,บริษัท ฟู้ดแอนด์ดริ๊งส์ จำกัด (มหาชน),SET,เกษตรและอุตสาหกรรมอาหาร,อาหารและเครื่องดื่ม,เลขที่ 183 อาคารรีเจ้นท์ เฮ้าส์ ชั้นที่ 15 ถนนราชดำริ แขวงลุมพินี เขตปทุมวัน กรุงเทพมหานคร,10330,0-2253-5232-33,-,www.foodanddrinks.co.th,
FANCY,บริษัท แฟนซีวู๊ด อินดัสตรีส จำกัด (มหาชน),SET,สินค้าอุปโภคบริโภค,ของใช้ในครัวเรือนและสำนักงาน,บมจ.แฟนซีวู๊ดอินดัสตรีส สาขา 2 เลขที่ 22 ซอยประดิษฐ์มนูธรรม 23 ถนนประดิษฐ์มนูธรรม แขวงลาดพร้าว เขตลาดพร้าว กรุงเทพมหานคร,10230,"0-2578-2823 , 0-2578-2824",0-2578-2522,http://www.fancywood.th.com,
FE,บริษัท ฟาร์อีสท์ เฟมไลน์ ดีดีบี จำกัด (มหาชน),SET,บริการ,สื่อและสิ่งพิมพ์,465/1-467 ถนนศรีอยุธยา แขวงทุ่งพญาไท เขตราชเทวี กรุงเทพมหานคร,10400,0-2354-3333,0-2644-9550-2,www.fareastfamelineddb.com,
FLOYD,บริษัท ฟลอยด์ จำกัด (มหาชน),mai,อสังหาริมทรัพย์และก่อสร้าง,-,เลขที่ 31/4 หมู่ที่ 2 ซอยวัดส้มเกลี้ยง ถนนกาญจนาภิเษก ตำบลบางแม่นาง อำเภอบางใหญ่ นนทบุรี,11140,"0-2191-6258, 0-2191-6260",0-2191-6262,www.floyd.co.th,
FM,บริษัท ฟู้ดโมเม้นท์ จำกัด (มหาชน),SET,เกษตรและอุตสาหกรรมอาหาร,อาหารและเครื่องดื่ม,48 หมู่ที่ 8 ถนนพุทธมณฑลสาย 4 ตำบลกระทุ่มล้ม อำเภอสามพราน นครปฐม,73220,0-2814-3480-9,0-2429-2811,https://www.foodmoments.co.th/,
FMT,บริษัท ไฟน์ เม็ททัล เทคโนโลยีส์ จำกัด (มหาชน),SET,สินค้าอุตสาหกรรม,วัสดุอุตสาหกรรมและเครื่องจักร,183 อาคารรีเจ้นท์เฮ้าส์ ชั้น 14 ถนนราชดำริห์ แขวงลุมพินี เขตปทุมวัน กรุงเทพมหานคร,10330,0-2256-0641-50,0-2256-0651-2,www.fmt.co.th,
FN,บริษัท เอฟเอ็น แฟคตอรี่ เอ๊าท์เลท จำกัด (มหาชน),SET,บริการ,พาณิชย์,เลขที่ 991 อาคาร เอฟเอ็น บิวดิ้ง ถนนพระราม 9 แขวงสวนหลวง เขตสวนหลวง กรุงเทพมหานคร,10250,0-2300-4951,0-2300-4681,www.fnoutlet.com,
FNS,บริษัท เอฟเอ็นเอส โฮลดิ้งส์ จำกัด (มหาชน),SET,ธุรกิจการเงิน,เงินทุนและหลักทรัพย์,เลขที่ 345 อาคาร 345 สุรวงศ์ ชัั้นที่ 6 ถนนสุรวงศ์ แขวงสุริยวงศ์ เขตบางรัก กรุงเทพมหานคร,10500,0-2697-3700,0-2697-3779,www.fnsplc.com,
FORTH,บริษัท ฟอร์ท คอร์ปอเรชั่น จำกัด (มหาชน),SET,เทคโนโลยี,เทคโนโลยีสารสนเทศและการสื่อสาร,เลขที่ 1053/1 ถนนพหลโยธิน แขวงพญาไท เขตพญาไท กรุงเทพมหานคร,10400,"0-2265-6700, 0-2271-2888","0-2265-6799, 0-2279-4888",http://www.forth.co.th,
FPI,บริษัท ฟอร์จูน พาร์ท อินดัสตรี้ จำกัด (มหาชน),mai,สินค้าอุตสาหกรรม,-,11/22 หมู่ 20 ถนนนิมิตใหม่ ตำบลลำลูกกา อำเภอลำลูกกา ปทุมธานี,12150,0-2993-4970-7,0-2993-4978-9,http://www.fpiautoparts.com,
FPT,บริษัท เฟรเซอร์ส พร็อพเพอร์ตี้ (ประเทศไทย) จำกัด (มหาชน),SET,อสังหาริมทรัพย์และก่อสร้าง,พัฒนาอสังหาริมทรัพย์,เลขที่ 944 มิตรทาวน์ ออฟฟิศ ทาวเวอร์ ชั้นที่ 22-23 ถนนพระราม 4 แขวงวังใหม่ เขตปทุมวัน กรุงเทพมหานคร,10330,0-2483-0000,0-2078-1970,https://www.frasersproperty.co.th,
FSMART,บริษัท ฟอร์ท สมาร์ท เซอร์วิส จำกัด (มหาชน),mai,บริการ,-,256 ถนนพหลโยธิน แขวงสามเสนใน เขตพญาไท กรุงเทพมหานคร,10400,0-2278-1777,0-2279-7195,www.boonterm.com,
FSX,บริษัท ฟินันเซีย เอกซ์ จำกัด (มหาชน),SET,ธุรกิจการเงิน,เงินทุนและหลักทรัพย์,999/9 อาคาร ดิ ออฟฟิศเศส แอท เซ็นทรัลเวิลด์ ชั้น 18 ถนนพระราม 1 แขวงปทุมวัน เขตปทุมวัน กรุงเทพมหานคร,10330,0-2658-9500,0-2658-9149,https://www.finansiax.com,
FTE,บริษัท ไฟร์เทรดเอ็นจิเนียริ่ง จำกัด (มหาชน),SET,สินค้าอุตสาหกรรม,วัสดุอุตสาหกรรมและเครื่องจักร,เลขที่ 1198/5 ถนนพระราม 9 แขวงพัฒนาการ เขตสวนหลวง กรุงเทพมหานคร,10250,0-2026-0470-92,0-2026-0499,www.firetrade.co.th,
FTI,บริษัท ฟังก์ชั่น อินเตอร์เนชั่นแนล จำกัด (มหาชน),SET,สินค้าอุปโภคบริโภค,ของใช้ในครัวเรือนและสำนักงาน,เลขที่ 313 ถนนเจริญพัฒนา แขวงบางชัน เขตคลองสามวา กรุงเทพมหานคร,10510,0-2540-6263,0-2907-4100,www.functioninter.co.th,
FTREIT,ทรัสต์เพื่อการลงทุนในอสังหาริมทรัพย์และสิทธิการเช่าอสังหาริมทรัพย์เพื่ออุตสาหกรรม เฟรเซอร์ส พร็อพเพอร์ตี้,SET,อสังหาริมทรัพย์และก่อสร้าง,กองทุนรวมอสังหาริมทรัพย์และกองทรัสต์เพื่อการลงทุนในอสังหาริมทรัพย์,เลขที่ 944 มิตรทาวน์ ออฟฟิศ ทาวเวอร์ ชั้นที่ 22-23 ถนนพระราม 4 แขวงวังใหม่ เขตปทุมวัน กรุงเทพมหานคร,10330,0-2483-0000,0-2483-0592,www.ftreit.co.th,
FUTURERT,ทรัสต์เพื่อการลงทุนในสิทธิการเช่าอสังหาริมทรัพย์ฟิวเจอร์ซิตี้,SET,อสังหาริมทรัพย์และก่อสร้าง,กองทุนรวมอสังหาริมทรัพย์และกองทรัสต์เพื่อการลงทุนในอสังหาริมทรัพย์,เลขที่ 175 อาคารสาธรซิตี้ทาวเวอร์ ชั้น 7 ชั้น 21 และ ชั้น 26 ถนนสาธรใต้ แขวงทุ่งมหาเมฆ เขตสาทร กรุงเทพมหานคร,10120,0-2674-6488,-,https://www.bblam.co.th/,
FVC,บริษัท ฟิลเตอร์ วิชั่น จำกัด (มหาชน),mai,บริการ,-,95 ซอยรามอินทรา 117 ถนนรามอินทรา แขวงมีนบุรี เขตมีนบุรี กรุงเทพมหานคร,10510,0-2518-2722,0-2518-2723,http://www.filtervision.co.th,
GABLE,บริษัท จีเอเบิล จำกัด (มหาชน),SET,เทคโนโลยี,เทคโนโลยีสารสนเทศและการสื่อสาร,127/30 อาคารปัญจธานี ชั้นที่ 25 ถนนนนทรี แขวงช่องนนทรี เขตยานนาวา กรุงเทพมหานคร,10120,0-2781-9000,0-2681-0425,www.g-able.com,
GAHREIT,ทรัสต์เพื่อการลงทุนในอสังหาริมทรัพย์ แกรนด์ โฮสพีทาลิตี้,SET,อสังหาริมทรัพย์และก่อสร้าง,กองทุนรวมอสังหาริมทรัพย์และกองทรัสต์เพื่อการลงทุนในอสังหาริมทรัพย์,"989 อาคารสยามพิวรรธน์ทาวเวอร์ ชั้น 9, 24 ถนนพระราม 1 แขวงปทุมวัน เขตปทุมวัน กรุงเทพมหานคร",10330,0-2659-8888,0-2659-8860,www.one-asset.com,
GBX,บริษัท โกลเบล็ก โฮลดิ้ง แมนเนจเม้นท์ จำกัด (มหาชน),SET,ธุรกิจการเงิน,เงินทุนและหลักทรัพย์,"อาคาร ซีอาร์ซี ออลซีซั่นส์ เพลส ชั้น 12, 87/2 ถนนวิทยุ แขวงลุมพินี เขตปทุมวัน กรุงเทพมหานคร",10330,0-2672-5999,0-2687-7009,https://holding.globlex.co.th,
GC,บริษัท โกลบอล คอนเน็คชั่นส์ จำกัด (มหาชน),SET,สินค้าอุตสาหกรรม,ปิโตรเคมีและเคมีภัณฑ์,13/1 หมู่ 2 ถนนกิ่งแก้ว ตำบลราชาเทวะ อำเภอบางพลี สมุทรปราการ,10540,"0-2763-7921, 0-2763-7999, 0-2763-7923-42","0-2763-7950, 0-2312-4880-1",www.gc.co.th,
GCAP,บริษัท จี แคปปิตอล จำกัด (มหาชน),mai,ธุรกิจการเงิน,-,9/9 อาคาร แอทสาทร ชั้น 19 ถนนสาทรใต้ แขวงยานนาวา เขตสาทร กรุงเทพมหานคร,10120,0-2651-9995,0-2651-9553,www.gcapital.co.th,
GEL,บริษัท เจนเนอรัล เอนจิเนียริ่ง จำกัด (มหาชน),SET,อสังหาริมทรัพย์และก่อสร้าง,วัสดุก่อสร้าง,44/2 หมู่ 2 ถนนติวานนท์ ตำบลบางกระดี อำเภอเมือง ปทุมธานี,12000,"0-2501-1055, 0-2501-2462-7, 0-2501-2020","0-2501-2134, 0-2501-2468",www.gel.co.th,
GENCO,บริษัทบริหารและพัฒนาเพื่อการอนุรักษ์สิ่งแวดล้อม จำกัด(มหาชน),SET,บริการ,บริการเฉพาะกิจ,447 ถนนบอนด์สตรีท ตำบลบางพูด อำเภอปากเกร็ด นนทบุรี,11120,0-2502-0900,0-2502-0999,http://www.genco.co.th,
GFC,บริษัท เจเนซีส เฟอร์ทิลีตี เซ็นเตอร์ จำกัด (มหาชน),mai,บริการ,-,เลขที่ 2292 ถนนพระราม 9 แขวงพัฒนาการ เขตสวนหลวง กรุงเทพมหานคร,10250,0-2108-6413-4,-,https://www.genesisfertilitycenter.co.th,
GFPT,บริษัท จีเอฟพีที จำกัด (มหาชน),SET,เกษตรและอุตสาหกรรมอาหาร,ธุรกิจการเกษตร,312 ถนนพระราม 2 แขวงบางมด เขตจอมทอง กรุงเทพมหานคร,10150,0-2473-8000,"0-2473-8392, 0-2473-8384",www.gfpt.co.th,
GGC,บริษัท โกลบอลกรีนเคมิคอล จำกัด (มหาชน),SET,สินค้าอุตสาหกรรม,ปิโตรเคมีและเคมีภัณฑ์,เลขที่ 555/1 ศูนย์เอนเนอร์ยี่คอมเพล็กซ์ อาคารเอ ชั้น 4 ถนนวิภาวดีรังสิต แขวงจตุจักร เขตจตุจักร กรุงเทพมหานคร,10900,0-2558-7300,0-2558-7301,http://www.ggcplc.com,
GJS,บริษัท จี เจ สตีล จำกัด (มหาชน),SET,สินค้าอุตสาหกรรม,เหล็ก และ ผลิตภัณฑ์โลหะ,เลขที่ 88 ปาโซ่ ทาวเวอร์ ชั้น 24 ถนนสีลม แขวงสุริยวงศ์ เขตบางรัก กรุงเทพมหานคร,10500,0-2267-8222,0-2267-9048,www.gjsteel.co.th,
GLAND,บริษัท แกรนด์ คาแนล แลนด์ จำกัด (มหาชน),SET,อสังหาริมทรัพย์และก่อสร้าง,พัฒนาอสังหาริมทรัพย์,เลขที่ 161 ถนนพระราม 9 แขวงห้วยขวาง เขตห้วยขวาง กรุงเทพมหานคร,10310,0-2246-2323,0-2247-1082,http://www.grandcanalland.com,
GLOBAL,บริษัท สยามโกลบอลเฮ้าส์ จำกัด (มหาชน),SET,บริการ,พาณิชย์,232 หมู่ที่ 19 ตำบลรอบเมือง อำเภอเมืองร้อยเอ็ด ร้อยเอ็ด,45000,0-4361-9850-99,0-4351-9777,www.globalhouse.co.th,
GLORY,บริษัท รุ่งเรืองตลอดไป จำกัด (มหาชน),mai,บริการ,-,เลขที่ 20 หมู่ที่ 6 ตำบลพันท้ายนรสิงห์ อำเภอเมือง สมุทรสาคร สมุทรสาคร,74000,0-9876-5430-0,-,https://www.glory.in.th,
GPI,บริษัท กรังด์ปรีซ์ อินเตอร์เนชั่นแนล จำกัด (มหาชน),SET,บริการ,สื่อและสิ่งพิมพ์,4/299 หมู่ที่ 5 ซอยลาดปลาเค้า 66 ถนนลาดปลาเค้า แขวงอนุสาวรีย์ เขตบางเขน กรุงเทพมหานคร,10220,0-2522-1731-8,0-2971-6462,www.grandprix.co.th,
GPSC,บริษัท โกลบอล เพาเวอร์ ซินเนอร์ยี่ จำกัด (มหาชน),SET,ทรัพยากร,พลังงานและสาธารณูปโภค,555/2 ศูนย์เอนเนอร์ยี่คอมเพล็กซ์ อาคารบี ชั้น 5 ถนนวิภาวดีรังสิต แขวงจตุจักร เขตจตุจักร กรุงเทพมหานคร,10900,0-2140-4600,0-2140-4601,http://www.gpscgroup.com,
GRAMMY,บริษัท จีเอ็มเอ็ม แกรมมี่ จำกัด (มหาชน),SET,บริการ,สื่อและสิ่งพิมพ์,"อาคารจีเอ็มเอ็ม แกรมมี่ เพลส, 50 ถนนสุขุมวิท 21 (อโศก) แขวงคลองเตยเหนือ เขตวัฒนา กรุงเทพมหานคร",10110,0-2669-9000,0-2669-9009,www.gmmgrammy.com,
GRAND,บริษัท แกรนด์ แอสเสท โฮเทลส์ แอนด์ พรอพเพอร์ตี้ จำกัด(มหาชน),SET,บริการ,การท่องเที่ยวและสันทนาการ,เลขที่ 388 อาคารเอ็กเชน ทาวเวอร์ ชั้น 32 ห้องเลขที่ 3203-4 ถนนสุขุมวิท แขวงคลองเตย เขตคลองเตย กรุงเทพมหานคร,10110,0-2204-9900,0-2204-9996-9,http://www.grandeasset.com,
GREEN,บริษัท กรีน รีซอร์สเซส จำกัด (มหาชน),SET,ทรัพยากร,พลังงานและสาธารณูปโภค,405 ถนนบอนด์สตรีท ซอย 13 ตำบลบางพูด อำเภอปากเกร็ด นนทบุรี,11120,0-2504-5237-39,-,www.greenresources.co.th,
GROREIT,ทรัสต์เพื่อการลงทุนในอสังหาริมทรัพย์ แกรนด์ รอยัล ออคิด โฮสพีทาลิตี้ ที่มีข้อตกลงในการซื้อคืน,SET,อสังหาริมทรัพย์และก่อสร้าง,กองทุนรวมอสังหาริมทรัพย์และกองทรัสต์เพื่อการลงทุนในอสังหาริมทรัพย์,"989 อาคารสยามพิวรรธน์ทาวเวอร์ ชั้น 9,24 ถนนพระราม 1 แขวงปทุมวัน เขตปทุมวัน กรุงเทพมหานคร",10330,0-2659-8888,0-2659-8860,www.one-asset.com,
GSTEEL,บริษัท จี สตีล จำกัด (มหาชน),SET,สินค้าอุตสาหกรรม,เหล็ก และ ผลิตภัณฑ์โลหะ,เลขที่ 88 ปาโซ่ ทาวเวอร์ ชั้น 18 ถนนสีลม แขวงสุริยวงศ์ เขตบางรัก กรุงเทพมหานคร,10500,0-2634-2222,0-2634-4114,www.gsteel.com,
GTB,บริษัท เจตาแบค จำกัด (มหาชน),mai,สินค้าอุตสาหกรรม,-,335/7 ถนนศรีนครินทร์ แขวงหนองบอน เขตประเวศ กรุงเทพมหานคร,10250,0-2366-0400,0-2366-0399,http://www.getabecboiler.com,
GTV,บริษัท กรีนเทค เวนเจอร์ส จำกัด (มหาชน),mai,ทรัพยากร,-,เลขที่ 944 อาคารมิตรทาวน์ ออฟฟิต ทาวเวอร์ ชั้นที่ 26 ห้องเลขที่ เอส 26059 ถนนพระราม 4 แขวงวังใหม่ เขตปทุมวัน กรุงเทพมหานคร,10330,0-2026-8955,0-2677-7152,http://www.greentechventures.co.th,
GULF,บริษัท กัลฟ์ ดีเวลลอปเมนท์ จำกัด (มหาชน),SET,ทรัพยากร,พลังงานและสาธารณูปโภค,87 อาคารเอ็มไทย ทาวเวอร์ ออลซีซั่น เพลส ชั้น 11 ถนนวิทยุ แขวงลุมพินี เขตปทุมวัน กรุงเทพมหานคร,10330,0-2080-4499,0-2080-4455,www.gulf.co.th,
GUNKUL,บริษัท กันกุลเอ็นจิเนียริ่ง จำกัด (มหาชน),SET,ทรัพยากร,พลังงานและสาธารณูปโภค,เลขที่ 548 อาคาร วัน ซิตี้ เซ็นเตอร์ (โอซีซี) ชั้นที่ 44 ถนนเพลินจิต แขวงลุมพินี เขตปทุมวัน กรุงเทพมหานคร,10330,-,-,http://www.gunkul.com,
GVREIT,ทรัสต์เพื่อการลงทุนในสิทธิการเช่าอสังหาริมทรัพย์โกลเด้นเวนเจอร์,SET,อสังหาริมทรัพย์และก่อสร้าง,กองทุนรวมอสังหาริมทรัพย์และกองทรัสต์เพื่อการลงทุนในอสังหาริมทรัพย์,เลขที่ 944 มิตรทาวน์ ออฟฟิศ ทาวเวอร์ ชั้น 22 ถนนพระรามสี่ แขวงวังใหม่ เขตปทุมวัน กรุงเทพมหานคร,10330,0-2483-0000,-,www.gvreit.com,
GYT,บริษัท กู๊ดเยียร์(ประเทศไทย) จำกัด (มหาชน),SET,สินค้าอุตสาหกรรม,ยานยนต์,50/9 หมู่ที่ 3 ถนนพหลโยธิน กม. 36 ตำบลคลองหนึ่ง อำเภอคลองหลวง ปทุมธานี,12120,0-2909-8080,0-2909-8068,www.goodyear.co.th,
HANA,บริษัท ฮานา ไมโครอิเล็คโทรนิคส จำกัด (มหาชน),SET,เทคโนโลยี,ชิ้นส่วนอิเล็กทรอนิกส์,เลขที่ 65/98 ซอยวิภาวดี-รังสิต 64 แยก 2 แขวงตลาดบางเขน เขตหลักสี่ กรุงเทพมหานคร,10210,"0-2551-1297, 0-2521-4935-9","0-2551-1299 , 0-2552-4906",www.hanagroup.com,
HANN,บริษัท โรงพยาบาลมุกดาหารอินเตอร์เนชั่นแนล จำกัด (มหาชน),mai,บริการ,-,เลขที่ 87 ตำบล/แขวง ศรีบุญเรือง อำเภอ/เขต เมืองมุกดาหาร มุกดาหาร,49000,0-4261-1222 Ext.140,-,https://mukinter.com/,
HARN,บริษัท หาญ เอ็นจิเนียริ่ง โซลูชั่นส์ จำกัด (มหาชน),mai,สินค้าอุตสาหกรรม,-,เลขที่ 559 ซอยศูนย์วิจัย 4 ถนนพระราม 9 แขวงบางกะปิ เขตห้วยขวาง กรุงเทพมหานคร,10310,0-2318-9744,0-2318-9744 Ext. 4000,www.harn.co.th,
HEALTH,บริษัท เฮลท์ เอ็มไพร์ คอร์ปอเรชั่น จำกัด (มหาชน),mai,บริการ,-,"อาคารเมเจอร์ ทาวเวอร์ พระราม 9 - รามคำแหง, ชั้น 20 ห้องเลขที่ OFFICE 2 เลขที่ 51 ถนนรามคำแหง แขวงหัวหมาก เขตบางกะปิ กรุงเทพมหานคร",10240,0-2514-5000,-,https://www.healthempire.co.th/,
HENG,บริษัท เฮงลิสซิ่ง แอนด์ แคปปิตอล จำกัด (มหาชน),SET,ธุรกิจการเงิน,เงินทุนและหลักทรัพย์,69 หมู่ที่ 7 ตำบลสันทรายน้อย อำเภอสันทราย เชียงใหม่,50210,1361 หรือ 0-2153-9587,0-5335-0490,https://www.hengleasing.com/,
HFT,บริษัท ฮั้วฟง รับเบอร์ (ไทยแลนด์) จำกัด (มหาชน),SET,สินค้าอุตสาหกรรม,ยานยนต์,317 ซอย 6C หมู่ 4 นิคมอุตสาหกรรมบางปู ตำบลแพรกษา อำเภอเมืองสมุทรปราการ สมุทรปราการ,10280,0-2709-6580,"0-2324-0483-4, 0-2709-6589",www.duro.co.th,
HL,บริษัท เฮลท์ลีด จำกัด (มหาชน),mai,บริการ,-,เลขที่ 99/4 หมู่ที่ 10 ตำบลบางม่วง อำเภอบางใหญ่ นนทบุรี,11140,0-2118-0884,-,www.healthleadgroup.com,
HMPRO,บริษัท โฮม โปรดักส์ เซ็นเตอร์ จำกัด (มหาชน),SET,บริการ,พาณิชย์,31 ถนนประชาชื่นนนทบุรี ตำบลบางเขน อำเภอเมืองนนทบุรี นนทบุรี,11000,0-2832-1000,0-2832-1400,www.homepro.co.th,
HPF,กองทุนรวมอสังหาริมทรัพย์และสิทธิการเช่าเหมราชอินดัสเตรียล,SET,อสังหาริมทรัพย์และก่อสร้าง,กองทุนรวมอสังหาริมทรัพย์และกองทรัสต์เพื่อการลงทุนในอสังหาริมทรัพย์,เลขที่ 195 อาคารวัน แบงค็อก ทาวเวอร์ 4 ชั้น 16-17 ถนนวิทยุ แขวงลุมพินี เขตปทุมวัน กรุงเทพมหานคร,10330,0-2649-2000,0-2649-2100,www.mfcfund.com,
HPT,บริษัท โฮม พอตเทอรี่ จำกัด (มหาชน),mai,สินค้าอุปโภคบริโภค,-,เลขที่ 119 หมู่ที่ 15 ถนนลำปาง-ตาก ตำบลสบปราบ อำเภอสบปราบ ลำปาง,52170,0-5432-5180,-,www.homepottery.com,
HTC,บริษัท หาดทิพย์ จำกัด (มหาชน),SET,เกษตรและอุตสาหกรรมอาหาร,อาหารและเครื่องดื่ม,36/6 ซอยรามคำแหง 21 (นวศรี) แยก 5 แขวงพลับพลา เขตวังทองหลาง กรุงเทพมหานคร,10310,0-2391-4488,0-2392-9985,http://www.haadthip.com,
HTECH,บริษัท แฮลเซี่ยน เทคโนโลยี่ จำกัด (มหาชน),SET,สินค้าอุตสาหกรรม,วัสดุอุตสาหกรรมและเครื่องจักร,41 หมู่ 14 นิคมอุตสาหกรรมบางชัน ซอย 6 ถนนเสรีไทย แขวงมีนบุรี เขตมีนบุรี กรุงเทพมหานคร,10510,0-2906-3259-60,0-2906-3261,www.halcyon.co.th,
HUMAN,บริษัท ฮิวแมนิก้า จำกัด (มหาชน),SET,เทคโนโลยี,เทคโนโลยีสารสนเทศและการสื่อสาร,เลขที่ 2 ซอยรองเมือง 5 ถนนรองเมือง แขวงรองเมือง เขตปทุมวัน กรุงเทพมหานคร,10330,0-2636-6999,0-2092-9202,www.humanica.com,
HYDRO,บริษัท ไฮโดรเท็ค จำกัด (มหาชน),mai,อสังหาริมทรัพย์และก่อสร้าง,-,เลขที่ 1 อาคาร ทีพี แอนด์ ที ชั้น 14 ซอยวิภาวดีรังสิต 19 แขวงจตุจักร เขตจตุจักร กรุงเทพมหานคร,10900,0-2936-1661-2,0-2936-1669,www.hydrotek.co.th,
HYDROGEN,ทรัสต์เพื่อการลงทุนในอสังหาริมทรัพย์และสิทธิการเช่าไฮโดรเจน,SET,อสังหาริมทรัพย์และก่อสร้าง,กองทุนรวมอสังหาริมทรัพย์และกองทรัสต์เพื่อการลงทุนในอสังหาริมทรัพย์,เลขที่ 989 ถนนพระราม 3 แขวงบางโพงพาง เขตยานนาวา กรุงเทพมหานคร,10120,0-2294-9999 Ext. 1542,-,www.hydrogenreit.com,
I2,บริษัท ไอ ทู เอ็นเตอร์ไพรซ์ จำกัด (มหาชน),mai,เทคโนโลยี,-,เลขที่ 104 ซอยนาคนิวาส 6 ถนนนาคนิวาส แขวงลาดพร้าว เขตลาดพร้าว กรุงเทพมหานคร,10230,0-2044-0134-5,0-2044-0134-5 Ext. 444,www.i2enterprise.com,
ICC,บริษัท ไอ.ซี.ซี. อินเตอร์เนชั่นแนล จำกัด (มหาชน),SET,บริการ,พาณิชย์,530 ซอยสาธุประดิษฐ์ 58 แขวงบางโพงพาง เขตยานนาวา กรุงเทพมหานคร,10120,"0-2293-9000, 0-2293-9300",0-2294-3024,http://www.icc.co.th,
ICHI,บริษัท อิชิตัน กรุ๊ป จำกัด (มหาชน),SET,เกษตรและอุตสาหกรรมอาหาร,อาหารและเครื่องดื่ม,เลขที่ 8 อาคารทีวัน ชั้น 42-44 ซอยสุขุมวิท 40 แขวงพระโขนง เขตคลองเตย กรุงเทพมหานคร,10110,0-2023-1111,0-2020-3999,www.ichitangroup.com,
ICN,บริษัท อินฟอร์เมชั่น แอนด์ คอมมิวนิเคชั่น เน็ทเวิร์คส จำกัด (มหาชน),SET,เทคโนโลยี,เทคโนโลยีสารสนเทศและการสื่อสาร,393 อาคาร ดี.เค.เจ ชั้น 5 ถ.สุคนธสวัสดิ์ แขวงลาดพร้าว เขตลาดพร้าว กรุงเทพมหานคร,10230,0-2553-0755-6,0-2553-0757,https://www.icn.co.th,
IDG,บริษัท อินดิจี จำกัด (มหาชน),mai,เทคโนโลยี,-,เลขที่ 3 หมู่บ้าน/อาคาร พร้อมพันธุ์ 3 ชั้น 11 ห้อง 1105-1110 ตรอก/ซอย ลาดพร้าว 3 ตำบล/แขวงจอมพล อำเภอ/เขตจตุจักร กรุงเทพมหานคร,10900,0-2072-1900,-,www.indigy.com,
IFS,บริษัท ไอเอฟเอส แคปปิตอล (ประเทศไทย) จำกัด (มหาชน),SET,ธุรกิจการเงิน,เงินทุนและหลักทรัพย์,เลขที่ 1168/55 ชั้น 20 อาคารลุมพินีทาวเวอร์ ถนนพระราม 4 แขวงทุ่งมหาเมฆ เขตสาทร กรุงเทพมหานคร,10120,0-2285-6326-32,"0-2285-6335, 0-2679-9159",http://www.ifscapthai.com,
IHL,บริษัท อินเตอร์ไฮด์ จำกัด (มหาชน),SET,สินค้าอุตสาหกรรม,ยานยนต์,678 ซอยที.เจ.ซี. ถนนสุขุมวิท ตำบลบางปูใหม่ อำเภอเมือง สมุทรปราการ,10280,0-2028-9728-37,0-2028-9738-39,http://www.interhides.com,
IIG,บริษัท ไอแอนด์ไอ กรุ๊ป จำกัด (มหาชน),mai,เทคโนโลยี,-,475 อาคารสิริภิญโญ ยูนิต เลขที่ 1801 ชั้นที่ 18 ถนนศรีอยุธยา แขวงถนนพญาไท เขตราชเทวี กรุงเทพมหานคร,10400,0-2248-3746,0-2248-3747,www.ii.co.th,
III,บริษัท ทริพเพิล ไอ โลจิสติกส์ จำกัด (มหาชน),SET,บริการ,ขนส่งและโลจิสติกส์,628 ชั้น 3 อาคารทริพเพิล ไอ ซอยกลับชม ถนนนนทรี แขวงช่องนนทรี เขตยานนาวา กรุงเทพมหานคร,10120,0-2681-8700,0-2681-8701,http://www.iii-logistics.com,
ILINK,บริษัท อินเตอร์ลิ้งค์ คอมมิวนิเคชั่น จำกัด (มหาชน),SET,เทคโนโลยี,เทคโนโลยีสารสนเทศและการสื่อสาร,48 อาคารอินเตอร์ลิ้งค์ ซ.รุ่งเรือง ถนนรัชดาภิเษก แขวงสามเสนนอก เขตห้วยขวาง กรุงเทพมหานคร,10310,0-2666-1111,0-2666-1193,http://www.interlink.co.th,
ILM,บริษัท อินเด็กซ์ ลิฟวิ่งมอลล์ จำกัด (มหาชน),SET,บริการ,พาณิชย์,เลขที่ 147 ซอยพระรามที่ 2 ซอย 50 ถ.พระรามที่ 2 แขวงแสมดำ เขตบางขุนเทียน กรุงเทพมหานคร,10150,0-2898-6420-5,0-2898-6940,www.indexlivingmall.com,
IMH,บริษัท โรงพยาบาลอินเตอร์เมดิคัล แคร์ แอนด์ แล็บ จำกัด (มหาชน),mai,บริการ,-,442 ถนนบางแวก แขวงบางแวก เขตภาษีเจริญ กรุงเทพมหานคร,10160,0-2865-0044-49,0-2410-4284,www.imhhospital.com,
IMPACT,ทรัสต์เพื่อการลงทุนในอสังหาริมทรัพย์อิมแพ็คโกรท,SET,อสังหาริมทรัพย์และก่อสร้าง,กองทุนรวมอสังหาริมทรัพย์และกองทรัสต์เพื่อการลงทุนในอสังหาริมทรัพย์,เลขที่ 47/569-576 หมู่ที่ 3 ชั้น 10 คอนโดมิเนียมอุตสาหกรรม นิวเจนีวา ถนนป๊อปปูล่า 3 ตำบลบ้านใหม่ อำเภอปากเกร็ด นนทบุรี,11120,0-2833-4455,0-2833-4456,www.impactgrowthreit.com,
IND,บริษัท อินเด็กซ์ อินเตอร์เนชั่นแนล กรุ๊ป จำกัด (มหาชน),mai,อสังหาริมทรัพย์และก่อสร้าง,-,เลขที่ 1/814 หมู่ 17 ซอยอัมพร ถนนพหลโยธิน ตำบลคูคต อำเภอลำลูกกา ปทุมธานี,12130,0-2532-3623,0-2532-3566,www.index.co.th,
INET,บริษัท อินเทอร์เน็ตประเทศไทย จำกัด (มหาชน),SET,เทคโนโลยี,เทคโนโลยีสารสนเทศและการสื่อสาร,"อาคารไทยซัมมิท ทาวเวอร์ ชั้น 10-12 และชั้น IT, 1768 ถนนเพชรบุรีตัดใหม่ แขวงบางกะปิ เขตห้วยขวาง กรุงเทพมหานคร",10310,0-2257-7000,0-2257-7222,www.inet.co.th,
INETREIT,ทรัสต์เพื่อการลงทุนในอสังหาริมทรัพย์และสิทธิการเช่าอสังหาริมทรัพย์ไอเน็ต,SET,อสังหาริมทรัพย์และก่อสร้าง,กองทุนรวมอสังหาริมทรัพย์และกองทรัสต์เพื่อการลงทุนในอสังหาริมทรัพย์,1768 อาคารไทยซัมมิท ทาวเวอร์ ชั้นที่ 24 ถนนเพชรบุรีตัดใหม่ แขวงบางกะปิ เขตห้วยขวาง กรุงเทพมหานคร,10310,0-2257-7000,0-2257-1379,www.inetreit.com,
INGRS,บริษัท อิงเกรส อินดัสเตรียล (ไทยแลนด์) จำกัด (มหาชน),SET,สินค้าอุตสาหกรรม,ยานยนต์,เลขที่ 9/141 ชั้น 14 อาคารยูเอ็ม ทาวเวอร์ ยูนิต A1 ถนนรามคำแหง แขวงสวนหลวง เขตสวนหลวง กรุงเทพมหานคร,10250,0-2719-9644-46,0-2719-9647,http://www.ingress.co.th,
INOX,บริษัท โพสโค-ไทยน๊อคซ์ จำกัด (มหาชน),SET,สินค้าอุตสาหกรรม,เหล็ก และ ผลิตภัณฑ์โลหะ,622 อาคารเอ็มโพเรียมทาวเวอร์ ชั้น 15/6-8 ถนนสุขุมวิท แขวงตลองตัน เขตคลองเตย กรุงเทพมหานคร,10110,0-2494-3130-49,0-2494-3178-9,www.poscothainox.com,
INSET,บริษัท อินฟราเซท จำกัด (มหาชน),SET,เทคโนโลยี,เทคโนโลยีสารสนเทศและการสื่อสาร,เลขที่ 165/37-39 ถนนรามอินทรา แขวงอนุสาวรีย์ เขตบางเขน กรุงเทพมหานคร,10220,0-2092-7444,0-2092-7448,www.infraset.co.th,
INSURE,บริษัท อินทรประกันภัย จำกัด (มหาชน),SET,ธุรกิจการเงิน,ประกันภัยและประกันชีวิต,เลขที่ 315 อาคารไทยกรุ๊ป ชั้น 3-4 ถนนสีลม แขวงสีลม เขตบางรัก กรุงเทพมหานคร,10500,0-2631-1314,-,https:www.indara.co.th,
IP,บริษัท อินเตอร์ ฟาร์มา จำกัด (มหาชน),SET,สินค้าอุปโภคบริโภค,ของใช้ส่วนตัวและเวชภัณฑ์,เลขที่ 140/9 อาคารไอทีเอฟ ทาวเวอร์ ชั้น 9 ถนนสีลม แขวงสุริยวงศ์ บางรัก กรุงเทพมหานคร,10500,0-2634-0225,0-2634-0135,www.interpharma.co.th,
IRC,บริษัท อีโนเว รับเบอร์ (ประเทศไทย) จำกัด (มหาชน),SET,สินค้าอุตสาหกรรม,ยานยนต์,258 ซอยรังสิต-นครนายก 49 ตำบลประชาธิปัตย์ อำเภอธัญบุรี ปทุมธานี,12130,0-2996-0890-7 (23 Lines),"0-2996-1439, 0-2996-0294",www.ircthailand.com,
IRCP,บริษัท อินเตอร์เนชั่นแนล รีเสริช คอร์ปอเรชั่น จำกัด (มหาชน),mai,เทคโนโลยี,-,เลขที่ 1152 อาคารปัน ชั้นที่ 16 ห้องเลขที่ 1605-1608 ถนนพระรามที่ 4 แขวงคลองเตย เขตคลองเตย กรุงเทพมหานคร,10110,0-2171-8601,0-2171-8602,www.ircp.co.th,
IROYAL,บริษัท อินเตอร์รอแยล เอ็นจิเนียริ่ง จำกัด (มหาชน),mai,บริการ,-,เลขที่ 171 ถนนจรัญสนิทวงศ์ แขวงบางพลัด เขตบางพลัด กรุงเทพมหานคร,10700,0-2433-2777,0-2433-6445,https://www.interroyalengineering.com,
IRPC,บริษัท ไออาร์พีซี จำกัด (มหาชน),SET,ทรัพยากร,พลังงานและสาธารณูปโภค,เลขที่ 555/2 ศูนย์เอนเนอร์ยี่คอมเพล็กซ์ อาคาร บี ชั้น 6 ถนนวิภาวดีรังสิต แขวงจตุจักร เขตจตุจักร กรุงเทพมหานคร,10900,0-2765-7000,0-2765-7001,https://www.irpc.co.th,
ISSARA,ทรัสต์เพื่อการลงทุนในอสังหาริมทรัพย์อิสสระ,SET,อสังหาริมทรัพย์และก่อสร้าง,กองทุนรวมอสังหาริมทรัพย์และกองทรัสต์เพื่อการลงทุนในอสังหาริมทรัพย์,เลขที่ 2922/198 อาคารชาญอิสสระทาวเวอร์ 2 ชั้น 10 ถนนเพชรบุรีตัดใหม่ เขตห้วยขวาง กรุงเทพมหานคร,10310,0-2308-2022,-,-,
IT,บริษัท ไอที ซิตี้ จำกัด (มหาชน),SET,บริการ,พาณิชย์,"555 อาคารศูนย์การค้าเดอะพาลาเดียมเวิลด์ช็อปปิ้ง ชั้น B2,5 ถนนราชปรารภ แขวงมักกะสัน เขตราชเทวี กรุงเทพมหานคร",10400,0-2656-5030-39,-,www.itcity.co.th,
ITC,บริษัท ไอ-เทล คอร์ปอเรชั่น จำกัด (มหาชน),SET,เกษตรและอุตสาหกรรมอาหาร,อาหารและเครื่องดื่ม,เลขที่ 979-92/94 ชั้น 29 อาคารเอสเอ็มทาวเวอร์ ถนนพหลโยธิน แขวงพญาไท เขตพญาไท กรุงเทพมหานคร,10400,"0-2298-0029,0-2298-0433-9",0-2298-0442,www.i-tail.com,
ITD,บริษัท อิตาเลียนไทย ดีเวล๊อปเมนต์ จำกัด (มหาชน),SET,อสังหาริมทรัพย์และก่อสร้าง,บริการรับเหมาก่อสร้าง,"อาคารอิตัลไทย ทาวเวอร์, 2034/132-161 ถนนเพชรบุรีตัดใหม่ แขวงบางกะปิ เขตห้วยขวาง กรุงเทพมหานคร",10320,0-2716-1600,0-2716-1488,http://www.itd.co.th,
ITEL,บริษัท อินเตอร์ลิ้งค์ เทเลคอม จำกัด (มหาชน),SET,เทคโนโลยี,เทคโนโลยีสารสนเทศและการสื่อสาร,เลขที่ 48/66 ซอยรุ่งเรือง ถนนรัชดาภิเษก แขวงสามเสนนอก เขตห้วยขวาง กรุงเทพมหานคร,10310,0-2666-2222,0-2666-2299,www.interlinktelecom.co.th,
ITNS,บริษัท อินเตอร์เนชั่นแนล เน็ตเวิร์ค ซิสเต็ม จำกัด (มหาชน),mai,เทคโนโลยี,-,เลขที่ 3300/106-107 ตึกช้าง อาคาร บี ชั้นที่ 20 ถนนพหลโยธิน แขวงจอมพล เขตจตุจักร กรุงเทพมหานคร,10900,0-2513-7637,0-2513-7686,https://www.itns.co.th,
ITTHI,บริษัท อิทธิฤทธิ์ ไนซ์ คอร์ปอเรชั่น จำกัด (มหาชน),mai,สินค้าอุปโภคบริโภค,-,เลขที่ 89/18-19 หมู่ที่ 5 ต.พันท้ายนรสิงห์ อ.เมืองสมุทรสาคร สมุทรสาคร,74000,"0-3487-2577,0-3444-6258,0-3444-6265","0-3487-2566,0-3444-6267",www.itthi.co.th,
IVF,บริษัท อินสไปร์ ไอวีเอฟ จำกัด (มหาชน),mai,บริการ,-,"เลขที่ 2 ชั้น 5 อาคารเพลินจิต เซ็นเตอร์, ห้องเลขที่ 05-10B ซอยสุขุมวิท 2, คลองเตย กรุงเทพมหานคร",10110,0-2251-8666,-,www.inspireivf.com,
IVL,บริษัท อินโดรามา เวนเจอร์ส จำกัด (มหาชน),SET,สินค้าอุตสาหกรรม,ปิโตรเคมีและเคมีภัณฑ์,75/102 อาคารโอเชี่ยนทาวเวอร์ 2 ชั้น 37 ซอยสุขุมวิท 19 ถนนอโศก แขวงคลองเตยเหนือ เขตวัฒนา กรุงเทพมหานคร,10110,0-2661-6661,0-2661-6664-5,www.indoramaventures.com,
J,บริษัท เจเอเอส แอสเซ็ท จำกัด (มหาชน),SET,อสังหาริมทรัพย์และก่อสร้าง,พัฒนาอสังหาริมทรัพย์,เลขที่ 87 อาคารเดอะ แจส รามอินทรา ห้องเลขที่ เอ315 ชั้น 3 ถนนลาดปลาเค้า แขวงอนุสาวรีย์ เขตบางเขน กรุงเทพมหานคร,10220,0-2012-1277,-,http://www.jasasset.co.th,
JAK,บริษัท จักรไพศาล เอสเตท จำกัด (มหาชน),mai,อสังหาริมทรัพย์และก่อสร้าง,-,153/3 หมู่ 6 ต.บางพูน อ.เมืองปทุมธานี ปทุมธานี,12000,0-2157-1958,0-2157-1959,www.jak.co.th,
JAS,บริษัท จัสมิน อินเตอร์เนชั่นแนล จำกัด (มหาชน),SET,เทคโนโลยี,เทคโนโลยีสารสนเทศและการสื่อสาร,"อาคารจัสมินอินเตอร์เนชั่นแนล ชั้น 29-30, 200 หมู่ 4 ถนนแจ้งวัฒนะ ตำบลปากเกร็ด อำเภอปากเกร็ด นนทบุรี",11120,0-2100-3000,0-2100-3150-2,http://www.jasmine.com,
JCK,บริษัท เจซีเค อินเตอร์เนชั่นแนล จำกัด (มหาชน),SET,อสังหาริมทรัพย์และก่อสร้าง,พัฒนาอสังหาริมทรัพย์,เลขที่ 18 ซอยสาทร 11 แยก 9 อาคารทีเอฟดี แขวงยานนาวา เขตสาทร กรุงเทพมหานคร,10120,"0-2676-4031-6, 0-2676-3836-9",0-2676-4038-9,www.jck.international,
JCT,บริษัท แจ๊กเจียอุตสาหกรรม (ไทย) จำกัด (มหาชน),SET,สินค้าอุปโภคบริโภค,ของใช้ส่วนตัวและเวชภัณฑ์,เลขที่ 114/1 ซอยฉลองกรุง 31 แขวงลำปลาทิว เขตลาดกระบัง กรุงเทพมหานคร,10520,0-2012-0012,"0-2021-0709, 0-2021-0719",www.Jackchia.co.th,
JDF,บริษัท เจดีฟู้ด จำกัด (มหาชน),SET,เกษตรและอุตสาหกรรมอาหาร,อาหารและเครื่องดื่ม,"116, 116/1, 116/2 หมู่ที่ 3 ตําบลบางโทรัด อําเภอเมืองสมุทรสาคร สมุทรสาคร",74000,"0-3444-0681, 0-3444-0682",0-3444-0683,www.jdfthailand.com,
JMART,บริษัท เจมาร์ท กรุ๊ป โฮลดิ้งส์ จำกัด (มหาชน),SET,เทคโนโลยี,เทคโนโลยีสารสนเทศและการสื่อสาร,"เลขที่ 187, 189 อาคารเจมาร์ท ถนนรามคำแหง แขวงราษฎร์พัฒนา เขตสะพานสูง กรุงเทพมหานคร",10240,0-2308-9000,0-2308-8001,http://www.jaymart.co.th,
JMT,บริษัท เจ เอ็ม ที เน็ทเวอร์ค เซอร์วิสเซ็ส จำกัด (มหาชน),SET,ธุรกิจการเงิน,เงินทุนและหลักทรัพย์,เลขที่ 187 อาคารเจมาร์ท ชั้น 4-6 ถนนรามคำแหง แขวงราษฎร์พัฒนา เขตสะพานสูง กรุงเทพมหานคร,10240,0-2308-9999,0-2308-9900,http://www.jmtnetwork.co.th,
JPARK,บริษัท เจนก้องไกล จำกัด (มหาชน),mai,บริการ,-,944 อาคารมิตรทาวน์ ออฟฟิศทาวเวอร์ ห้อง 1707-1708 ชั้น 17 ถนนพระราม 4 แขวงวังใหม่ เขตปทุมวัน กรุงเทพมหานคร,10330,0-2114-8222,-,https://jpark.co,
JR,บริษัท เจ.อาร์.ดับเบิ้ลยู. ยูทิลิตี้ จำกัด (มหาชน),SET,อสังหาริมทรัพย์และก่อสร้าง,บริการรับเหมาก่อสร้าง,32/288-290 หมู่ที่ 8 ถนนรามอินทรา แขวงท่าแร้ง เขตบางเขน กรุงเทพมหานคร,10230,0-2509-7000-2,0-2945-7381,www.jrw.co.th,
JSP,บริษัท โรงงานเภสัชอุตสาหกรรม เจเอสพี (ประเทศไทย) จำกัด (มหาชน),mai,สินค้าอุปโภคบริโภค,-,"255,257 ซอยสาธุประดิษฐ์ 58 แขวงบางโพงพาง เขตยานนาวา กรุงเทพมหานคร",10120,0-2284-1218,0-2294-0705,www.jsppharma.com,
JTS,บริษัท จัสมิน เทคโนโลยี โซลูชั่น จำกัด (มหาชน),SET,เทคโนโลยี,เทคโนโลยีสารสนเทศและการสื่อสาร,"อาคารจัสมินอินเตอร์เนชั่นแนลทาวเวอร์ ชั้น 9, 200 หมู่ 4 ถนนแจ้งวัฒนะ ตำบลปากเกร็ด อำเภอปากเกร็ด นนทบุรี",11120,0-2100-8300,0-2962-2523,http://www.jts.co.th,
JUBILE,บริษัท ยูบิลลี่ เอ็นเตอร์ไพรส์ จำกัด (มหาชน),mai,สินค้าอุปโภคบริโภค,-,เลขที่ 179 อาคารบางกอกซิตี้ ทาวเวอร์ ชั้น 10 ถนนสาทรใต้ แขวงทุ่งมหาเมฆ เขตสาทร กรุงเทพมหานคร,10120,0-2625-1188,0-2625-1100,www.jubileediamond.co.th,
K,บริษัท คิงส์เมน ซี.เอ็ม.ที.ไอ. จำกัด (มหาชน),mai,อสังหาริมทรัพย์และก่อสร้าง,-,9/19 หมู่ที่ 7 ตำบลบึงคำพร้อย อำเภอลำลูกกา ปทุมธานี,12150,0-2052-8008,0-2091-6930,http://www.kingsmen-cmti.com,
KAMART,บริษัท คาร์มาร์ท จำกัด (มหาชน),SET,บริการ,พาณิชย์,81-81/1 ซอยเพชรเกษม 54 แยก 3 แขวงบางด้วน เขตภาษีเจริญ กรุงเทพมหานคร,10160,0-2805-2756-60,0-2805-2751-52,www.karmarts.co.th,
KASET,บริษัท ไทยฮา จำกัด (มหาชน),mai,เกษตรและอุตสาหกรรมอาหาร,-,เลขที่ 140 หมู่ 5 ตำบลบางกระทึก อำเภอสามพราน นครปฐม,73210,0-2482-1661-6,0-3428-8415,www.kasetbrand.co.th,
KBANK,ธนาคารกสิกรไทย จำกัด (มหาชน),SET,ธุรกิจการเงิน,ธนาคาร,เลขที่ 400/22 ถนนพหลโยธิน แขวงสามเสนใน เขตพญาไท กรุงเทพมหานคร,10400,0-2222-0000,0-2470-1144,www.kasikornbank.com,
KBS,บริษัท น้ำตาลครบุรี จำกัด (มหาชน),SET,เกษตรและอุตสาหกรรมอาหาร,อาหารและเครื่องดื่ม,เลขที่ 5 ซอยสุขุมวิท 57 แขวงคลองตันเหนือ เขตวัฒนา กรุงเทพมหานคร,10110,0-2725-4888,0-2617-6170,http://www.kbs.co.th,
KBSPIF,กองทุนรวมโครงสร้างพื้นฐานโรงไฟฟ้า กลุ่มน้ำตาลครบุรี,SET,ทรัพยากร,พลังงานและสาธารณูปโภค,เลขที่ 1 อาคารเอ็มไพร์ทาวเวอร์ ชั้น 32 ถนนสาทรใต้ แขวงยานนาวา เขตสาทร กรุงเทพมหานคร,10120,0-2686-6100,0-2670-0430,http://www.kbspif.com,
KC,บริษัท เค.ซี. พร็อพเพอร์ตี้ จำกัด (มหาชน),SET,อสังหาริมทรัพย์และก่อสร้าง,พัฒนาอสังหาริมทรัพย์,เลขที่ 1500/2 ชั้น 2 ซอยลาดพร้าว 48/1 ถนนลาดพร้าว แขวงวังทองหลาง เขตวังทองหลาง กรุงเทพมหานคร,10310,0-2276-5924,0-2276-5924,http://www.kcproperty.co.th,
KCAR,บริษัท กรุงไทยคาร์เร้นท์ แอนด์ ลีส จำกัด (มหาชน),SET,ธุรกิจการเงิน,เงินทุนและหลักทรัพย์,455/1 ถนนพระรามที่ 3 แขวงบางโคล่ เขตบางคอแหลม กรุงเทพมหานคร,10120,0-2291-8888,0-2291-4488,http://www.krungthai.co.th,
KCC,บริษัท ไนท คลับ แคปปิตอล โฮลดิ้ง จำกัด (มหาชน),mai,ธุรกิจการเงิน,-,285/1 ถนนประดิษฐ์มนูธรรม แขวงวังทองหลาง เขตวังทองหลาง กรุงเทพมหานคร,10310,0-2957-5600,0-2957-5601-2,http://kccholding.co.th/,
KCE,บริษัท เคซีอี อีเลคโทรนิคส์ จำกัด (มหาชน),SET,เทคโนโลยี,ชิ้นส่วนอิเล็กทรอนิกส์,เลขที่ 72-72/1-3 ซอยฉลองกรุง 31 แขวงลำปลาทิว เขตลาดกระบัง กรุงเทพมหานคร,10520,0-2326-0196-9,0-2326-0300,www.kcethai.in.th,
KCG,บริษัท เคซีจี คอร์ปอเรชั่น จำกัด (มหาชน),SET,เกษตรและอุตสาหกรรมอาหาร,อาหารและเครื่องดื่ม,3059-3059/1-3 ถนนสุขุมวิท แขวงบางจาก เขตพระโขนง กรุงเทพมหานคร,10260,0-2332-8040-7,-,www.kcgcorporation.com,
KCM,บริษัท เค.ซี.เมททอลชีท จำกัด (มหาชน),mai,สินค้าอุตสาหกรรม,-,567 หมู่ที่ 2 ถนนเลี่ยงเมือง ตำบลพระลับ อำเภอเมืองขอนแก่น ขอนแก่น,40000,0-4330-6999,0-4330-6796,www.kcmetalsheet.co.th,
KDH,บริษัท ธนบุรี เมดิเคิล เซ็นเตอร์ จำกัด (มหาชน),SET,บริการ,การแพทย์,337 ถนนตากสิน แขวงสำเหร่ เขตธนบุรี กรุงเทพมหานคร,10600,0-2438-0040-5,0-2438-5642,www.samitivejthonburi.com,
KGEN,บริษัท คิง เจน จำกัด (มหาชน),mai,บริการ,-,เลขที่ 194 ถนนเสรีไทย แขวงคันนายาว เขตคันนายาว กรุงเทพมหานคร,10230,0-2056-9445,-,www.kinggen.co.th,
KGI,บริษัทหลักทรัพย์ เคจีไอ (ประเทศไทย) จำกัด (มหาชน),SET,ธุรกิจการเงิน,เงินทุนและหลักทรัพย์,เลขที่ 195 วัน แบงค็อก ทาวเวอร์ 4 ชั้น 18-19 ถนนวิทยุ แขวงลุมพินี เขตปทุมวัน กรุงเทพมหานคร,10330,0-2658-8888,0-2658-8000,http://www.kgieworld.co.th,
KIAT,บริษัท เกียรติธนา ขนส่ง จำกัด (มหาชน),SET,บริการ,ขนส่งและโลจิสติกส์,100 หมู่ที่ 3 ตำบลบางตะไนย์ อำเภอปากเกร็ด นนทบุรี,11120,0-2501-7330-8,0-2501-7339,www.kiattana.co.th,
KISS,บริษัท โรจูคิส อินเตอร์เนชั่นแนล จำกัด (มหาชน),SET,สินค้าอุปโภคบริโภค,ของใช้ส่วนตัวและเวชภัณฑ์,"100/8, 100/51-54 ว่องวานิชคอมเพล็กซ์ บี ชั้น 12,19 ถนนพระราม 9 แขวงห้วยขวาง เขตห้วยขวาง กรุงเทพมหานคร",10310,0-2645-1155,-,http://www.rojukissinternational.com,
KJL,บริษัท กิจเจริญ เอ็นจิเนียริ่ง อีเลคทริค จำกัด (มหาชน),mai,สินค้าอุตสาหกรรม,-,เลขที่ 61 และ 61/5 หมู่ 8 ซอยวิรุฬราษฎร์ ถนนเศรษฐกิจ ตำบลท่าไม้ อำเภอกระทุ่มแบน สมุทรสาคร,74110,0-2808-5000,-,https://www.kjl.co.th,
KK,บริษัท เคแอนด์เค ซุปเปอร์สโตร์ เซาท์เทิร์น จำกัด (มหาชน),mai,บริการ,-,เลขที่ 9/9 หมู่ที่ 5 ตำบลคลองแห อำเภอหาดใหญ่ สงขลา,90110,"0-7420-5288, 0-7420-5242",0-7420-5289,www.kandksuper.com,
KKC,บริษัท กุลธรเคอร์บี้ จำกัด (มหาชน),SET,สินค้าอุตสาหกรรม,วัสดุอุตสาหกรรมและเครื่องจักร,126 ซอยฉลองกรุง 31 ถนนฉลองกรุง แขวงลำปลาทิว เขตลาดกระบัง กรุงเทพมหานคร,10520,"0-2326-0831, 0-2739-4893","0-2326-0837, 0-2739-4892",www.kulthorn.com,
KKP,ธนาคารเกียรตินาคินภัทร จำกัด (มหาชน),SET,ธุรกิจการเงิน,ธนาคาร,เลขที่ 209 อาคารเคเคพี ทาวเวอร์ ถนนสุขุมวิท 21 (อโศก) แขวงคลองเตยเหนือ เขตวัฒนา กรุงเทพมหานคร,10110,0-2165-5555,-,https://bank.kkpfg.com/,
KLINIQ,บริษัท เดอะคลีนิกค์ คลินิกเวชกรรม จำกัด (มหาชน),SET,บริการ,การแพทย์,เลขที่ 9 อาคารจี ทาวเวอร์ แกรนด์ พระราม 9 ชั้นที่ 12 North Wing ถนนพระราม 9 แขวงห้วยขวาง เขตห้วยขวาง กรุงเทพมหานคร,10310,08-8934-0679,-,https://www.theklinique.com,
KOOL,บริษัท ซีแอล เวนเจอร์ จำกัด (มหาชน),mai,บริการ,-,เลขที่ 88/8 อาคารแคปปิตอล ลิ้งค์ ถนนสาทรเหนือ แขวงสีลม เขตบางรัก กรุงเทพมหานคร,10500,-,-,www.clv.co.th,
KPNREIT,ทรัสต์เพื่อการลงทุนในอสังหาริมทรัพย์เคพีเอ็น,SET,อสังหาริมทรัพย์และก่อสร้าง,กองทุนรวมอสังหาริมทรัพย์และกองทรัสต์เพื่อการลงทุนในอสังหาริมทรัพย์,เลขที่ 63 ชั้นที่ 18 ห้องเลขที่ 1802 อาคารแอทธินีทาวเวอร์ ถนนวิทยุ แขวงลุมพินี เขตปทุมวัน กรุงเทพมหานคร,10330,0-2625-3166,-,http://www.kpnreit.com,
KSL,บริษัท น้ำตาลขอนแก่น จำกัด (มหาชน),SET,เกษตรและอุตสาหกรรมอาหาร,อาหารและเครื่องดื่ม,"อาคาร เค เอส แอล ทาวเวอร์ ชั้น 9, 503 ถนนศรีอยุธยา แขวงถนนพญาไท เขตราชเทวี กรุงเทพมหานคร",10400,0-2642-6229-39,0-2642-6097,www.kslgroup.com,
KTB,ธนาคารกรุงไทย จำกัด (มหาชน),SET,ธุรกิจการเงิน,ธนาคาร,35 ถนนสุขุมวิท แขวงคลองเตยเหนือ เขตวัฒนา กรุงเทพมหานคร,10110,0-2255-2222,0-2255-9391-6,https://krungthai.com,
KTBSTMR,ทรัสต์เพื่อการลงทุนในอสังหาริมทรัพย์และสิทธิการเช่าอสังหาริมทรัพย์ เคทีบีเอสที มิกซ์,SET,อสังหาริมทรัพย์และก่อสร้าง,กองทุนรวมอสังหาริมทรัพย์และกองทรัสต์เพื่อการลงทุนในอสังหาริมทรัพย์,เลขที่ 87/2 อาคารซีอาร์ซีทาวเวอร์ ชั้นที่ 52 ออลซีซั่นส์เพลส ถนนวิทยุ แขวงลุมพินี เขตปทุมวัน กรุงเทพมหานคร,10330,0-2351-1803,-,www.ktbstmr.com,
KTC,บริษัท บัตรกรุงไทย จำกัด (มหาชน),SET,ธุรกิจการเงิน,เงินทุนและหลักทรัพย์,"อาคารสมัชชาวาณิช 2 ชั้น 14, 591 แขวงคลองตันเหนือ เขตวัฒนา กรุงเทพมหานคร",10110,"0-2123-5000, 0-2123-5100",0-2828-5064,www.ktc.co.th,
KTIS,บริษัท เกษตรไทย อินเตอร์เนชั่นแนล ชูการ์ คอร์ปอเรชั่น จำกัด (มหาชน),SET,เกษตรและอุตสาหกรรมอาหาร,อาหารและเครื่องดื่ม,1/1 หมู่ที่ 14 ตำบลหนองโพ อำเภอตาคลี นครสวรรค์,-,0-5633-8123-5,0-5633-8126,www.ktisgroup.com,
KTMS,บริษัท เคที เมดิคอล เซอร์วิส จำกัด (มหาชน),mai,บริการ,-,95 รามอินทรา 117 ถนนรามอินทรา แขวงมีนบุรี เขตมีนบุรี กรุงเทพมหานคร,10510,0-2517-0274,0-2517-0275,www.ktms.co.th,
KUMWEL,บริษัท คัมเวล คอร์ปอเรชั่น จำกัด (มหาชน),mai,สินค้าอุตสาหกรรม,-,เลขที่ 358 ถนนเลี่ยงเมืองนนทบุรี ตำบลบางกระสอ อำเภอเมืองนนทบุรี นนทบุรี,11140,0-2954-3455,0-2591-7891,www.kumwell.com,
KUN,บริษัท วิลล่า คุณาลัย จำกัด (มหาชน),SET,อสังหาริมทรัพย์และก่อสร้าง,พัฒนาอสังหาริมทรัพย์,เลขที่ 819 หมู่ที่ 7 ตำบลพิมลราช อำเภอบางบัวทอง นนทบุรี,11110,0-2834-4938-40,0-2834-4954,www.kunalai.co.th,
KWC,บริษัท กรุงเทพโสภณ จำกัด (มหาชน),SET,บริการ,ขนส่งและโลจิสติกส์,185 ถนนราษฎร์บูรณะ แขวงบางปะกอก เขตราษฎร์บูรณะ กรุงเทพมหานคร,10140,"0-2427-0963, 0-2427-3374, 0-2871-3191-5",0-2427-0964,http://www.kwc.co.th,
KWI,บริษัท เคดับบลิวไอ จำกัด (มหาชน),SET,ธุรกิจการเงิน,ประกันภัยและประกันชีวิต,เลขที่ 43 อาคารไทยซีซี ทาวเวอร์ ชั้น 26 ถนนสาทรใต้ แขวงยานนาวา เขตสาทร กรุงเทพมหานคร,10120,0-2129-5999,0-2129-5998,www.kwiasia.com,
KWM,บริษัท เค. ดับบลิว. เม็ททัล เวิร์ค จำกัด (มหาชน),mai,สินค้าอุตสาหกรรม,-,เลขที่ 259/83 ถนนสุขุมวิท 71 แขวงพระโขนงเหนือ เขตวัฒนา กรุงเทพมหานคร,10110,0-2381-4999,0-2381-4998,www.kw-metalwork.com,
KYE,บริษัท กันยงอีเลคทริก จำกัด (มหาชน),SET,สินค้าอุปโภคบริโภค,ของใช้ในครัวเรือนและสำนักงาน,เลขที่ 67 หมู่ 11 ถนนเทพรัตน กม.20 ตำบลบางโฉลง อำเภอบางพลี สมุทรปราการ,10540,"0-2337-2900-15, 0-2337-2430-8",0-2337-2439-40,http://www.mitsubishi-kye.com,
L&E,บริษัท ไลท์ติ้ง แอนด์ อีควิปเมนท์ จำกัด (มหาชน),SET,สินค้าอุปโภคบริโภค,ของใช้ในครัวเรือนและสำนักงาน,"อาคารมหานครยิปซั่ม ชั้น 16-17, 539/2 ถนนศรีอยุธยา แขวงพญาไท เขตราชเทวี กรุงเทพมหานคร",10400,0-2248-8133,0-2248-8144,http://www.lighting.co.th,
LALIN,บริษัท ลลิล พร็อพเพอร์ตี้ จำกัด (มหาชน),SET,อสังหาริมทรัพย์และก่อสร้าง,พัฒนาอสังหาริมทรัพย์,222/2 ถนนศรีนครินทร์ แขวงหัวหมาก เขตบางกะปิ กรุงเทพมหานคร,10240,"0-2732-1041-5, 0-2732-3810-9",0-2377-9656,www.lalinproperty.com,
LANNA,บริษัท ลานนารีซอร์สเซส จำกัด (มหาชน),SET,ทรัพยากร,พลังงานและสาธารณูปโภค,"อาคารมหาทุนพลาซ่า ชั้น 9, 888/99 ถนนเพลินจิต แขวงลุมพินี เขตปทุมวัน กรุงเทพมหานคร",10330,0-2253-8080,0-2253-6822,www.lannar.com,
LDC,บริษัท แอลดีซี เด็นทัล จำกัด (มหาชน),mai,บริการ,-,เลขที่ 395-395/1 อาคารแอลดีซี ชั้น 1 หมู่ที่ 5 ถนนศรีนครินทร์ ตำบลสำโรงเหนือ อำเภอเมืองสมุทรปราการ สมุทรปราการ,10270,0-2743-8730,0-2758-6258,www.ldcdental.com,
LEE,บริษัท ลีพัฒนาผลิตภัณฑ์ จำกัด (มหาชน),SET,เกษตรและอุตสาหกรรมอาหาร,ธุรกิจการเกษตร,"อาคารวอลล์สตรีททาวเวอร์ ชั้น 28, 33/137 ถนนสุรวงศ์ แขวงสุริยวงศ์ เขตบางรัก กรุงเทพมหานคร",10500,0-2632-7300,0-2236-7751,www.leepattana.com,
LEO,บริษัท ลีโอ โกลบอล โลจิสติกส์ จำกัด (มหาชน),mai,บริการ,-,เลขที่ 251-251/1 ซอยภักดี ถนนพระราม 3 แขวงบางคอแหลม เขตบางคอแหลม กรุงเทพมหานคร,10120,0-2079-9888,-,www.leogloballogistics.com,
LH,บริษัทแลนด์แอนด์เฮ้าส์ จำกัด (มหาชน),SET,อสังหาริมทรัพย์และก่อสร้าง,พัฒนาอสังหาริมทรัพย์,"อาคารคิวเฮ้าส์ ลุมพินี ชั้น 37-38, 1 ถนนสาทรใต้ แขวงทุ่งมหาเมฆ เขตสาทร กรุงเทพมหานคร",10120,0-2343-8900,0-2230-8130,www.lh.co.th,
LHFG,บริษัท แอล เอช ไฟแนนซ์เชียล กรุ๊ป จำกัด (มหาชน),SET,ธุรกิจการเงิน,ธนาคาร,เลขที่ 1 ชั้น 5 อาคารคิวเฮ้าส์ ลุมพินี ถนนสาทรใต้ แขวงทุ่งมหาเมฆ เขตสาทร กรุงเทพมหานคร,10120,0-2359-0000,0-2677-7223,https://www.lhfg.co.th,
LHHOTEL,ทรัสต์เพื่อการลงทุนในสิทธิการเช่าอสังหาริมทรัพย์ แอล เอช โฮเทล,SET,อสังหาริมทรัพย์และก่อสร้าง,กองทุนรวมอสังหาริมทรัพย์และกองทรัสต์เพื่อการลงทุนในอสังหาริมทรัพย์,เลขที่ 1 อาคารคิวเฮ้าส์ ลุมพินี ชั้น 14 ถนนสาทรใต้ แขวงทุ่งมหาเมฆ เขตสาทร กรุงเทพมหานคร,10120,0-2286-3484,0-2286-3585,www.lhfund.co.th,
LHK,บริษัท โลหะกิจ เม็ททอล จำกัด (มหาชน),SET,สินค้าอุตสาหกรรม,เหล็ก และ ผลิตภัณฑ์โลหะ,เลขที่ 66/1 หมู่ที่ 6 ซอยสุขสวัสดิ์ 76 ถนนสุขสวัสดิ์ ตำบลบางจาก อำเภอพระประแดง สมุทรปราการ,10130,0-2463-0158,0-2463-7299,www.lohakit.co.th,
LHRREIT,ทรัสต์เพื่อการลงทุนในอสังหาริมทรัพย์และสิทธิการเช่า แลนด์ แอนด์ เฮ้าส์ เรซิเดนซ์,SET,อสังหาริมทรัพย์และก่อสร้าง,กองทุนรวมอสังหาริมทรัพย์และกองทรัสต์เพื่อการลงทุนในอสังหาริมทรัพย์,เลขที่ 1 อาคารคิวเฮ้าส์ ลุมพินี ชั้น 14 ถนนสาทรใต้ แขวงทุ่งมหาเมฆ เขตสาทร กรุงเทพมหานคร,10120,0-2286-3484,0-2286-3585,-,
LHSC,ทรัสต์เพื่อการลงทุนในสิทธิการเช่าอสังหาริมทรัพย์ แอล เอช ช้อปปิ้ง เซ็นเตอร์,SET,อสังหาริมทรัพย์และก่อสร้าง,กองทุนรวมอสังหาริมทรัพย์และกองทรัสต์เพื่อการลงทุนในอสังหาริมทรัพย์,เลขที่ 1 อาคารคิวเฮ้าส์ ลุมพินี ชั้น 14 ถนนสาทรใต้ แขวงทุ่งมหาเมฆ เขตสาทร กรุงเทพมหานคร,10120,0-2286-3484,0-2286-3585,www.lhfund.co.th,
LIT,บริษัท ลีซ อิท จำกัด (มหาชน),mai,ธุรกิจการเงิน,-,เลขที่ 1023 อาคารเอ็มเอส สยาม ทาวเวอร์ ชั้น 29 ถนนพระราม 3 แขวงช่องนนทรี เขตยานนาวา กรุงเทพมหานคร,10120,0-2163-4260,0-2163-4291-4,www.leaseit.co.th,
LOXLEY,บริษัท ล็อกซเล่ย์ จำกัด (มหาชน),SET,บริการ,พาณิชย์,102 ถนน ณ ระนอง แขวงคลองเตย เขตคลองเตย กรุงเทพมหานคร,10110,0-2348-8000,0-2348-8001,www.loxley.co.th,
LPH,บริษัท โรงพยาบาล ลาดพร้าว จำกัด (มหาชน),SET,บริการ,การแพทย์,2699 ถนนลาดพร้าว แขวงคลองเจ้าคุณสิงห์ เขตวังทองหลาง กรุงเทพมหานคร,10310,"0-2530-2244, 0-2530-2388, 0-2530-2556-69",0-2539-8490,http://www.ladpraohospital.com,
LPN,บริษัท แอล.พี.เอ็น.ดีเวลลอปเมนท์ จำกัด (มหาชน),SET,อสังหาริมทรัพย์และก่อสร้าง,พัฒนาอสังหาริมทรัพย์,"อาคารลุมพินีทาวเวอร์ ชั้น 36, 1168/109 ถนนพระราม 4 แขวงทุ่งมหาเมฆ เขตสาธร กรุงเทพมหานคร",10120,"0-2285-5011-6, 0-2800-9009","0-2679-8699, 0-2285-5017",http://www.lpn.co.th,
LRH,บริษัท ลากูน่า รีสอร์ท แอนด์ โฮเท็ล จำกัด (มหาชน),SET,บริการ,การท่องเที่ยวและสันทนาการ,"เลขที่ 21/9, 21/31 และ 21/33 อาคารไทยวา 1 ชั้นที่ 5 และ 12 ถนนสาทรใต้ แขวงทุ่งมหาเมฆ เขตสาทร กรุงเทพมหานคร",10120,0-2677-4455,0-2285-0733,www.lagunaresorts.com,
LST,บริษัท ล่ำสูง (ประเทศไทย) จำกัด (มหาชน),SET,เกษตรและอุตสาหกรรมอาหาร,อาหารและเครื่องดื่ม,64 ซอยบางนา-ตราด 25 แขวงบางนา เขตบางนา กรุงเทพมหานคร,10260,0-2361-8959-70,0-2361-8988-9,www.lamsoon.co.th,
LTMH,บริษัท แอลทีเอ็มเอช จำกัด (มหาชน),mai,บริการ,-,518/5 อาคารมณียาเซ็นเตอร์ ชั้น 7 ถนนเพลินจิต แขวงลุมพินี เขตปทุมวัน กรุงเทพมหานคร,10330,0-2255-5868,-,www.ltmh.com,
LTS,บริษัท ไลท์อัพ โทเทิล โซลูชั่น จำกัด (มหาชน),mai,สินค้าอุปโภคบริโภค,-,1252/1 ชั้นที่ 5 ถนนพัฒนาการ แขวงสวนหลวง เขตสวนหลวง กรุงเทพมหานคร,10250,0-2117-1553-4,-,https://www.lightuptotal.co.th/,
LUXF,กองทุนรวมอสังหาริมทรัพย์ลักซ์ชัวรี่,SET,อสังหาริมทรัพย์และก่อสร้าง,กองทุนรวมอสังหาริมทรัพย์และกองทรัสต์เพื่อการลงทุนในอสังหาริมทรัพย์,ชั้น 9 อาคาร มิตรทาวน์ ออฟฟิศ ทาวเวอร์ 944 ถนนพระราม 4 แขวงวังใหม่ เขตปทุมวัน กรุงเทพมหานคร,10330,0-2838-1800,0-2838-1808,https://www.eastspring.co.th/,
M,บริษัท เอ็มเค เรสโตรองต์ กรุ๊ป จำกัด (มหาชน),SET,เกษตรและอุตสาหกรรมอาหาร,อาหารและเครื่องดื่ม,เลขที่ 1200 ถนนเทพรัตน แขวงบางนาใต้ เขตบางนา กรุงเทพมหานคร,10260,0-2836-1000,0-2836-1099,www.mkrestaurant.com,
MADAME,บริษัท มาดาม ไบโอไซเอนซ์ จํากัด (มหาชน),SET,เกษตรและอุตสาหกรรมอาหาร,อาหารและเครื่องดื่ม,เลขที่ 60 ชั้น 2 ซอยประดิษฐ์มนูธรรม 19 ถนนประดิษฐ์มนูธรรม แขวงลาดพร้าว เขตลาดพร้าว กรุงเทพมหานคร,10230,0-2712-5487-88,0-2712-5750,www.glocon.co.th,
MAGURO,บริษัท มากุโระ กรุ๊ป จำกัด (มหาชน),mai,เกษตรและอุตสาหกรรมอาหาร,-,"1706/26 อาคารเซฟบ๊อกซ์ ออฟฟิศ ห้องเลขที่ 8, 9, 10, 11 ชั้นที่ 2 ถนนพระราม 6 แขวงรองเมือง เขตปทุมวัน กรุงเทพมหานคร",10330,09-1923-5539,-,www.maguro.co.th,
MAJOR,บริษัท เมเจอร์ ซีนีเพล็กซ์ กรุ้ป จำกัด (มหาชน),SET,บริการ,สื่อและสิ่งพิมพ์,"1839,1839/1,1839/6 ถนนพหลโยธิน แขวงลาดยาว เขตจตุจักร กรุงเทพมหานคร",10900,0-2511-5427-36,0-2511-5220,http://www.majorcineplex.com,
MALEE,บริษัท มาลีกรุ๊ป จำกัด (มหาชน),SET,เกษตรและอุตสาหกรรมอาหาร,อาหารและเครื่องดื่ม,401/1 หมู่ที่ 8 ถนนพหลโยธิน ตำบลคูคต อำเภอลำลูกกา ปทุมธานี,12130,0-2080-7899,0-2080-7800,www.maleegroup.com,
MANRIN,บริษัท แมนดารินโฮเต็ล จำกัด (มหาชน),SET,บริการ,การท่องเที่ยวและสันทนาการ,662 ถนนพระราม 4 แขวงมหาพฤฒาราม เขตบางรัก กรุงเทพมหานคร,10500,"0-2238-0238, 08-3294-3045",0-2237-1620,www.mandarin-bkk.com,
MASTEC,บริษัท แมสเทค ลิ้งค์ จำกัด (มหาชน),SET,สินค้าอุตสาหกรรม,วัสดุอุตสาหกรรมและเครื่องจักร,เลขที่ 74 ตรอก/ซอย นาคนิวาส 48 ถนน นาคนิวาส ตำบล/แขวง ลาดพร้าว อำเภอ/เขต ลาดพร้าว กรุงเทพมหานคร,10230,0-2942-1433,0-2942-1320,https://www.massteclink.com/,
MASTER,บริษัท มาสเตอร์ สไตล์ จำกัด (มหาชน),SET,บริการ,การแพทย์,99/19 ถนนสุโขทัย แขวงดุสิต เขตดุสิต กรุงเทพมหานคร,10300,0-2241-3246,-,https://www.master-plc.com/th/home,
MATCH,บริษัท แม็ทชิ่ง แม็กซิไมซ์ โซลูชั่น จำกัด (มหาชน),SET,บริการ,สื่อและสิ่งพิมพ์,379 ซอยสาธุประดิษฐ์ 19 ถนนสาธุประดิษฐ์ แขวงช่องนนทรี เขตยานนาวา กรุงเทพมหานคร,10120,0-2669-4200-9,-,http://www.matchinggroup.com,
MATI,บริษัท มติชน จำกัด (มหาชน),SET,บริการ,สื่อและสิ่งพิมพ์,12 หมู่บ้านประชานิเวศน์ 1 ถนนเทศบาลนฤมาล แขวงลาดยาว เขตจตุจักร กรุงเทพมหานคร,10900,0-2589-0020,0-2589-7049,www.matichon.co.th,
MBAX,บริษัท มัลติแบกซ์ จำกัด (มหาชน),mai,สินค้าอุตสาหกรรม,-,211 หมู่ที่ 3 ตำบลทุ่งสุขลา อำเภอศรีราชา ชลบุรี,20230,038-491-725-9,038-492-485,www.multibax.com,
MBK,บริษัท เอ็ม บี เค จำกัด (มหาชน),SET,อสังหาริมทรัพย์และก่อสร้าง,พัฒนาอสังหาริมทรัพย์,"อาคารเอ็มบีเคเซ็นเตอร์ ชั้น 8, 444 ถนนพญาไท แขวงวังใหม่ เขตปทุมวัน กรุงเทพมหานคร",10330,0-2853-9000,0-2853-7000,www.mbkgroup.co.th,
MC,บริษัท แม็คกรุ๊ป จำกัด (มหาชน),SET,บริการ,พาณิชย์,"448, 450 ถนนอ่อนนุช แขวงประเวศ เขตประเวศ กรุงเทพมหานคร",10250,0-2329-1051-6,0-2727-7287,www.mcgroupnet.com,
MCA,บริษัท มาร์เก็ต คอนเน็กชั่นส์ เอเชีย จำกัด (มหาชน),mai,บริการ,-,เลขที่ 51/859 ซอยนวลจันทร์ 34 แขวงนวลจันทร์ เขตบึงกุ่ม กรุงเทพมหานคร,10230,0-2118-3999,0-2118-2406,www.marketconnectionsasia.com,
M-CHAI,บริษัท โรงพยาบาลมหาชัย จำกัด (มหาชน),SET,บริการ,การแพทย์,927/43 ค ถนนเศรษฐกิจ 1 ตำบลมหาชัย อำเภอเมือง สมุทรสาคร,74000,0-3442-4990-4,0-3481-0782,http://www.mahachaihospital.com,
MCOT,บริษัท อสมท จำกัด (มหาชน),SET,บริการ,สื่อและสิ่งพิมพ์,63/1 ถนนพระราม 9 แขวงห้วยขวาง เขตห้วยขวาง กรุงเทพมหานคร,10320,0-2201-6000,0-2245-1435,www.mcot.net,
MCS,บริษัท เอ็ม.ซี.เอส.สตีล จำกัด (มหาชน),SET,สินค้าอุตสาหกรรม,เหล็ก และ ผลิตภัณฑ์โลหะ,70 หมู่ 2 ตำบลช้างใหญ่ อำเภอบางไทร พระนครศรีอยุธยา,13290,"0-3537-2961-6, 08-9900-1217-8",0-3537-2967-8,www.mcssteel.com,
MDX,บริษัท เอ็ม ดี เอ็กซ์ จำกัด (มหาชน),SET,ทรัพยากร,พลังงานและสาธารณูปโภค,"อาคารคอลัมน์ทาวเวอร์ ชั้น 12A, 199 ถนนรัชดาภิเษก แขวงคลองเตย เขตคลองเตย กรุงเทพมหานคร",10110,0-2302-2300,0-2302-2400-1,http://www.mdx.co.th,
MEB,บริษัท เมพ คอร์ปอเรชั่น จำกัด (มหาชน),mai,บริการ,-,99/27 อาคารซอฟต์แวร์ปาร์ค ชั้นที่ 8 หมู่ที่ 4 ถนนแจ้งวัฒนะ ตำบลคลองเกลือ อำเภอปากเกร็ด นนทบุรี,11120,"0-2962-1698,0-2962-1699",-,www.meb.co.th,
MEDEZE,บริษัท เมดีซ กรุ๊ป จำกัด (มหาชน),SET,บริการ,การแพทย์,28/9 หมู่ 8 ถนนพุทธมณฑลสาย 4 ตำบลกระทุ่มล้ม อำเภอสามพราน นครปฐม,73220,0-9159-9999-99,0-2009-8889,https://www.medezegroup.com,
MEGA,บริษัท เมก้า ไลฟ์ไซแอ็นซ์ จำกัด (มหาชน),SET,บริการ,พาณิชย์,120 หมู่ 11 อาคาร แอมเพิล ทาวเวอร์ ชั้น 9 และ ชั้น 10 ถ. บางนา-ตราด แขวงบางนา เขตบางนา กรุงเทพมหานคร,10260,0-2769-4222,0-2769-4244,www.megawecare.com,
MENA,บริษัท มีนาทรานสปอร์ต จำกัด (มหาชน),SET,บริการ,ขนส่งและโลจิสติกส์,280/8 หมู่ที่ 9 ตำบลทับกวาง อำเภอแก่งคอย สระบุรี,18260,0-3620-0321,-,www.menatransport.co.th,
META,บริษัท เมตะ คอร์ปอเรชั่น จำกัด (มหาชน),mai,อสังหาริมทรัพย์และก่อสร้าง,-,เลขที่ 33/4 อาคารเอ เดอะไนน์ ทาวเวอร์ แกรนด์ พระราม 9 ชั้นที่ 36 ถนนพระราม 9 แขวงห้วยขวาง เขตห้วยขวาง กรุงเทพมหานคร,10310,0-2013-7096-7,0-2013-7098,www.metacorporation.co.th,
METCO,บริษัทมูราโมโต้ อีเล็คตรอน (ประเทศไทย) จำกัด (มหาชน),SET,เทคโนโลยี,ชิ้นส่วนอิเล็กทรอนิกส์,886 ถนนรามอินทรา แขวงคันนายาว เขตคันนายาว กรุงเทพมหานคร,10230,0-2518-1280,0-2518-1287,www.metco.co.th,
MFC,บริษัทหลักทรัพย์จัดการกองทุน เอ็มเอฟซี จำกัด (มหาชน),SET,ธุรกิจการเงิน,เงินทุนและหลักทรัพย์,195 อาคารวัน แบงค็อก ทาวเวอร์ 4 ชั้นที่ 16-17 ถนนวิทยุ แขวงลุมพินี เขตปทุมวัน กรุงเทพมหานคร,10330,0-2649-2000,"0-2649-2100,0-2649-2111",https://www.mfcfund.com,
MFEC,บริษัท เอ็ม เอฟ อี ซี จำกัด (มหาชน),SET,เทคโนโลยี,เทคโนโลยีสารสนเทศและการสื่อสาร,349 อาคารเอสเจ อินฟินิท วัน บิสซิเนส คอมเพล็กซ์ ถนนวิภาวดีรังสิต แขวงจอมพล เขตจตุจักร กรุงเทพมหานคร,10900,0-2821-7999,0-2618-8188,www.mfec.co.th,
MGC,บริษัท มิลเลนเนียม กรุ๊ป คอร์ปอเรชั่น (เอเชีย) จำกัด (มหาชน),SET,สินค้าอุตสาหกรรม,ยานยนต์,เลขที่ 2222/9 ถนนลาดพร้าว แขวงพลับพลา เขตวังทองหลาง กรุงเทพมหานคร,10310,0-2935-2000,-,https://www.mgc-asia.com,
MGI,บริษัท มิสแกรนด์ อินเตอร์เนชั่นแนล จำกัด (มหาชน),mai,สินค้าอุปโภคบริโภค,-,1751 ซอยลาดพร้าว 94 (ปัญจมิตร) ถนนลาดพร้าว แขวงพลับพลา เขตวังทองหลาง กรุงเทพมหานคร,10310,0-2530-9656,-,https://missgrand.com,
MGT,บริษัท เมกาเคม (ประเทศไทย) จำกัด (มหาชน),mai,สินค้าอุตสาหกรรม,-,25 นิคมอุตสาหกรรมลาดกระบัง ซอย จี 1/9 ซอยฉลองกรุง 31 ถนนฉลองกรุง แขวงลำปลาทิว เขตลาดกระบัง กรุงเทพมหานคร,10520,0-2739-6333,0-2739-6332,http://www.megachem.co.th,
MICRO,บริษัท ไมโครลิสซิ่ง จำกัด (มหาชน),SET,ธุรกิจการเงิน,เงินทุนและหลักทรัพย์,863/3 ถนนเพชรเกษม ตำบลสนามจันทร์ อำเภอเมือง นครปฐม,73000,0-3410-9200,-,www.microleasingplc.com,
MIDA,บริษัท ไมด้า แอสเซ็ท จำกัด (มหาชน),SET,บริการ,พาณิชย์,267 ถนนจรัญสนิทวงศ์ แขวงบางอ้อ เขตบางพลัด กรุงเทพมหานคร,10700,"0-2434-2390-7, 0-2434-2399",0-2879-7904,http://www.midaassets.com,
MII,ทรัสต์เพื่อการลงทุนในอสังหาริมทรัพย์และสิทธิการเช่า เอ็มเอฟซี อินดัสเตรียล อินเวสเมนท์,SET,อสังหาริมทรัพย์และก่อสร้าง,กองทุนรวมอสังหาริมทรัพย์และกองทรัสต์เพื่อการลงทุนในอสังหาริมทรัพย์,บริษัทหลักทรัพย์จัดการกองทุน เอ็มเอฟซี จำกัด (มหาชน) (สำนักงานใหญ่) 195 อาคารวัน แบงค็อก ทาวเวอร์ 4 ชั้นที่ 16-17 ถนนวิทยุ แขวงลุมพินี เขตปทุมวัน กรุงเทพมหานคร,10330,0-2649-2000,0-2649-2111,-,
MILL,บริษัท มิลล์คอน สตีล จำกัด (มหาชน),SET,สินค้าอุตสาหกรรม,เหล็ก และ ผลิตภัณฑ์โลหะ,"9,11,13 ซอยบางกระดี่ 32 แขวงแสมดำ เขตบางขุนเทียน กรุงเทพมหานคร",10150,0-2896-4444,0-2896-4449,www.millconsteel.com,
MINT,บริษัท ไมเนอร์ อินเตอร์เนชั่นแนล จำกัด (มหาชน),SET,บริการ,การท่องเที่ยวและสันทนาการ,88 อาคารเดอะปาร์ค ชั้น 12 ถนนรัชดาภิเษก แขวงคลองเตย เขตคลองเตย กรุงเทพมหานคร,10110,0-2365-7500,0-2365-7798-9,www.minor.com,
MIPF,กองทุนรวมอสังหาริมทรัพย์มิลเลียนแนร์,SET,อสังหาริมทรัพย์และก่อสร้าง,กองทุนรวมอสังหาริมทรัพย์และกองทรัสต์เพื่อการลงทุนในอสังหาริมทรัพย์,"เลขที่ 989 อาคารสยามพิวรรธน์ทาวเวอร์ ชั้น 9, 24 ถนนพระราม 1 เขตปทุมวัน กรุงเทพมหานคร",10330,0-2659-8888,0-2659-8860-1,-,
MITSIB,บริษัท มิตรสิบ ลิสซิ่ง จำกัด (มหาชน),mai,ธุรกิจการเงิน,-,เลขที่ 895-6 หมู่ที่ 5 ถนนศรีนครินทร์ ต.สำโรงเหนือ อ.เมืองสมุทรปราการ สมุทรปราการ,10270,"0-2743-8787, 0-2743-8783",-,http://www.mitsibleasing.com,
MJD,บริษัท เมเจอร์ ดีเวลลอปเม้นท์ จำกัด (มหาชน),SET,อสังหาริมทรัพย์และก่อสร้าง,พัฒนาอสังหาริมทรัพย์,เลขที่ 141 อาคารเมเจอร์ ทาวเวอร์ ชั้น 16 ซอยทองหล่อ 10 (สุขุมวิท 55) แขวงคลองตันเหนือ เขตวัฒนา กรุงเทพมหานคร,10110,0-2030-1111,0-2030-1122,www.mjd.co.th,
MJLF,กองทุนรวมสิทธิการเช่าอสังหาฯ เมเจอร์ ซีนีเพล็กซ์ ไลฟ์สไตส์,SET,อสังหาริมทรัพย์และก่อสร้าง,กองทุนรวมอสังหาริมทรัพย์และกองทรัสต์เพื่อการลงทุนในอสังหาริมทรัพย์,เลขที่ 400/22 อาคารธนาคารกสิกรไทย ชั้น 6 และ 12 ถนนพหลโยธิน แขวงสามเสนใน เขตพญาไท กรุงเทพมหานคร,10400,0-2673-3999,0-2673-3900,-,
MK,บริษัท มั่นคงเคหะการ จำกัด (มหาชน),SET,อสังหาริมทรัพย์และก่อสร้าง,พัฒนาอสังหาริมทรัพย์,เลขที่ 345 อาคาร 345 สุรวงศ์ ชั้นที่ 6-8 ถนนสุรวงศ์ แขวงสุริยวงศ์ เขตบางรัก กรุงเทพมหานคร,10500,0-2234-8888,0-2234-8880,http://www.mk.co.th,
ML,บริษัท ไมด้า ลิสซิ่ง จำกัด (มหาชน),SET,ธุรกิจการเงิน,เงินทุนและหลักทรัพย์,48/1-5 ซอยแจ้งวัฒนะ 14 ถนนแจ้งวัฒนะ แขวงทุ่งสองห้อง เขตหลักสี่ กรุงเทพมหานคร,10210,0-2574-6901,"0-2574-6902, 0-2574-6903",http://www.mida-leasing.com,
MMM,บริษัท เอ็มเอ็มเอ็ม แคปปิตอล จำกัด (มหาชน),mai,อสังหาริมทรัพย์และก่อสร้าง,-,เลขที่ 89/2 หมู่บ้าน/อาคาร อมรพันธ์ 205 ทาวเวอร์ 1 ชั้น 6 หมู่ที่ - ตรอก/ซอย นาทอง ถนน รัชดาภิเษก ตำบล/แขวงดินแดง อำเภอ/เขต ดินแดง กรุงเทพมหานคร,10400,0-2005-5940,-,https://www.mmmcapitalplc.com/,
MNIT,กองทุนรวมอสังหาริมทรัพย์เอ็มเอฟซี-นิชดาธานี,SET,อสังหาริมทรัพย์และก่อสร้าง,กองทุนรวมอสังหาริมทรัพย์และกองทรัสต์เพื่อการลงทุนในอสังหาริมทรัพย์,เลขที่ 195 อาคารวัน แบงค็อก ทาวเวอร์ 4 ชั้น 16-17 ถนนวิทยุ แขวงลุมพินี เขตปทุมวัน กรุงเทพมหานคร,10330,0-2649-2000,-,www.mfcfund.com,
MNIT2,กองทุนรวมอสังหาริมทรัพย์นิชดาธานี 2,SET,อสังหาริมทรัพย์และก่อสร้าง,กองทุนรวมอสังหาริมทรัพย์และกองทรัสต์เพื่อการลงทุนในอสังหาริมทรัพย์,เลขที่ 195 อาคารวัน แบงค็อก ทาวเวอร์ 4 ชั้น 16-17 ถนนวิทยุ แขวงลุมพินี เขตปทุมวัน กรุงเทพมหานคร,10330,0-2649-2000,0-2649-2100,www.mfcfund.com,
MNRF,กองทุนรวมอสังหาริมทรัพย์มัลติเนชั่นแนลเรสซิเดนซ์ฟันด์,SET,อสังหาริมทรัพย์และก่อสร้าง,กองทุนรวมอสังหาริมทรัพย์และกองทรัสต์เพื่อการลงทุนในอสังหาริมทรัพย์,เลขที่ 195อาคารวัน แบงค็อก ทาวเวอร์ 4 ชั้น 16-17 ถนนวิทยุ แขวงลุมพินี เขตปทุมวัน กรุงเทพมหานคร,10330,0-2649-2000,0-2649-2100,www.mfcfund.com,
MODERN,บริษัท โมเดอร์นฟอร์มกรุ๊ป จำกัด (มหาชน),SET,สินค้าอุปโภคบริโภค,ของใช้ในครัวเรือนและสำนักงาน,699 ถนนศรีนครินทร์ แขวงพัฒนาการ เขตสวนหลวง กรุงเทพมหานคร,10250,0-2094-9999,-,https://www.modernform.co.th/,
MONO,บริษัท โมโน เน็กซ์ จำกัด (มหาชน),SET,บริการ,สื่อและสิ่งพิมพ์,เลขที่ 29/9 หมู่ 4 ถนนชัยพฤกษ์ ตำบลบางพลับ อำเภอปากเกร็ด นนทบุรี,11120,0-2100-8100,0-2100-8101,www.mono.co.th,
MOONG,บริษัท มุ่งพัฒนา อินเตอร์แนชชั่นแนล จำกัด (มหาชน),mai,สินค้าอุปโภคบริโภค,-,เลขที่ 2/97-104 ชั้นที่ 18-19 อาคารบางนาคอมเพล็กซ์ ออฟฟิศ ทาวเวอร์ ซอยบางนา-ตราด 25 ถนนบางนา-ตราด แขวงบางนาเหนือ เขตบางนา กรุงเทพมหานคร,10260,0-2020-8999,0-2020-8990,www.moongpattana.com,
MORE,บริษัท มอร์ รีเทิร์น จำกัด (มหาชน),mai,บริการ,-,เลขที่ 222/148-150 อาคารชุดบ้านสวนจตุจักร ซอยวิภาวดีรังสิต 17 ถนนวิภาวดีรังสิต แขวงจตุจักร เขตจตุจักร กรุงเทพมหานคร,10900,0-2120-6804,-,www.morereturn.co.th,
MOSHI,บริษัท โมชิ โมชิ รีเทล คอร์ปอเรชั่น จำกัด (มหาชน),SET,บริการ,พาณิชย์,เลขที่ 129 อาคารศูนย์การค้าเดอะมอลล์ ท่าพระ ชั้นที่ 9 ถนนรัชดาภิเษก (ท่าพระ-ตากสิน) แขวงบุคคโล เขตธนบุรี กรุงเทพมหานคร,10600,0-2891-3088,-,www.moshimoshi.co.th,
MOTHER,บริษัท มาเธอร์ มาร์เก็ตติ้ง จำกัด (มหาชน),mai,บริการ,-,เลขที่ 345 ตำบล/แขวง ปากน้ำ อำเภอ/เขต เมืองกระบี่ กระบี่,81000,0-7562-0800,-,www.mothermarket.co.th,
M-PAT,กองทุนรวมอสังหาริมทรัพย์เอ็มเอฟซี ป่าตอง เฮอริเทจ,SET,อสังหาริมทรัพย์และก่อสร้าง,กองทุนรวมอสังหาริมทรัพย์และกองทรัสต์เพื่อการลงทุนในอสังหาริมทรัพย์,บริษัทหลักทรัพย์จัดการกองทุน เอ็มเอฟซี จำกัด (มหาชน) 195 อาคารวัน แบงค็อก ทาวเวอร์ 4 ชั้นที่ 16-17 ถนนวิทยุ แขวงลุมพินี เขตปทุมวัน กรุงเทพมหานคร,10330,0-2649-2000,0-2649-2100,www.mfcfund.com,
MPJ,บริษัท เอ็ม พี เจ โลจิสติกส์ จำกัด (มหาชน),mai,บริการ,-,244 หมู่ 5 ต.หนองขาม อ.ศรีราชา ชลบุรี,20230,0-3806-0764,-,www.mpjlogistics.com,
MRDIYT,บริษัท มิสเตอร์. ดี.ไอ.วาย. โฮลดิ้ง (ประเทศไทย) จำกัด (มหาชน),SET,บริการ,พาณิชย์,เลขที่ 777 หมู่บ้าน/อาคาร ดับบลิวเอชเอ ทาวเวอร์ ชั้น 12 หมู่ที่ 13 ถนน เทพรัตน (บางนา-ตราด) กม.7 ตำบล/แขวง บางแก้ว อำเภอ/เขต บางพลี สมุทรปราการ,10540,0-2316-0004,-,-,
MSC,บริษัท เมโทรซิสเต็มส์คอร์ปอเรชั่น จำกัด (มหาชน),SET,เทคโนโลยี,เทคโนโลยีสารสนเทศและการสื่อสาร,400 ถนนเฉลิมพระเกียรติ ร.9 แขวงหนองบอน เขตประเวศ กรุงเทพมหานคร,10250,0-2089-4000,0-2726-2630-4,www.metrosystems.co.th,
MST,บริษัทหลักทรัพย์ เมย์แบงก์ (ประเทศไทย) จำกัด (มหาชน),SET,ธุรกิจการเงิน,เงินทุนและหลักทรัพย์,เลขที่ 999/9 อาคาร ดิ ออฟฟิศเศส แอท เซ็นทรัลเวิลด์ ชั้น 20-21 และ 25 ถนนพระราม 1 แขวงปทุมวัน เขตปทุมวัน กรุงเทพมหานคร,10330,0-2658-6300,0-2658-6301,www.maybank.co.th,
M-STOR,กองทุนรวมอสังหาริมทรัพย์เอ็มเอฟซี-สแตรทิจิกสโตเรจฟันด์,SET,อสังหาริมทรัพย์และก่อสร้าง,กองทุนรวมอสังหาริมทรัพย์และกองทรัสต์เพื่อการลงทุนในอสังหาริมทรัพย์,เลขที่ 195 อาคารวัน แบงค็อก ทาวเวอร์ 4 ชั้น 16-17 ถนนวิทยุ แขวงลุมพินี เขตปทุมวัน กรุงเทพมหานคร,10330,0-2649-2000,0-2649-2100,www.mfcfund.com,
MTC,บริษัท เมืองไทย แคปปิตอล จำกัด (มหาชน),SET,ธุรกิจการเงิน,เงินทุนและหลักทรัพย์,332/1 ถนนจรัญสนิทวงศ์ แขวงบางพลัด เขตบางพลัด กรุงเทพมหานคร,10700,0-2483-8888,-,www.muangthaicap.com,
MTI,บริษัท เมืองไทยประกันภัย จำกัด (มหาชน),SET,ธุรกิจการเงิน,ประกันภัยและประกันชีวิต,อาคารที่ 1:252 ถนนรัชดาภิเษก เขตห้วยขวาง กรุงเทพมหานคร,10310,0-2290-3333,0-2276-2033,www.muangthaiinsurance.com,
MTW,บริษัท เมคทูวิน โฮลดิ้ง จำกัด (มหาชน),mai,สินค้าอุตสาหกรรม,-,"9/70,9/88 หมู่ที่ 3 ตำบลอ้อมใหญ่ อำเภอสามพราน นครปฐม",73160,0-3410-0368,0-3410-0368 Ext. 16,www.maketowin.com,
MUD,บริษัท มัด แอนด์ ฮาวด์ จำกัด (มหาชน),mai,เกษตรและอุตสาหกรรมอาหาร,-,เลขที่ 206 ซอยพัฒนาการ 20 แขวงสวนหลวง เขตสวนหลวง กรุงเทพมหานคร,10250,0-2079-9765,0-2079-9755,www.mudandhound.co.th,
MVP,บริษัท เอ็ม วิชั่น จำกัด (มหาชน),mai,บริการ,-,เลขที่ 11/1 ซอยรามคำแหง 121 ถนนรามคำแหง แขวงหัวหมาก เขตบางกะปิ กรุงเทพมหานคร,10240,"0-2735-1201, 0-2735-1202, 0-2735-1204",0-2735-2719,www.mvisioncorp.com,
NAM,บริษัท นำวิวัฒน์ เมดิคอล คอร์ปอเรชั่น จำกัด (มหาชน),SET,สินค้าอุปโภคบริโภค,ของใช้ส่วนตัวและเวชภัณฑ์,999/3-5 หมู่ที่ 9 ถนนประชาอุทิศ-คู่สร้าง ตำบลในคลองบางปลากด อำเภอพระสมุทรเจดีย์ สมุทรปราการ,10290,0-2461-7287-90,0-2461-7291,www.namwiwat.com,
NAT,บริษัท แนท แอบโซลูท เทคโนโลยีส์ จำกัด (มหาชน),mai,เทคโนโลยี,-,89 ห้องเลขที่ 908 ชั้นที่ 9 อาคารเอไอเอ แคปปิตอล เซ็นเตอร์ ถนนรัชดาภิเษก แขวงดินแดง เขตดินแดง กรุงเทพมหานคร,10400,0-2078-6760,-,https://www.natat.co.th/,
NATION,บริษัท เนชั่น กรุ๊ป (ไทยแลนด์) จำกัด (มหาชน),SET,บริการ,สื่อและสิ่งพิมพ์,"เลขที่ 1854 ชั้นที่ 9, 10, 11 ถนนเทพรัตน แขวงบางนาใต้ เขตบางนา กรุงเทพมหานคร",10260,-,-,http://www.nationgroup.com,
NC,บริษัท นิวซิตี้ (กรุงเทพฯ) จำกัด (มหาชน),SET,สินค้าอุปโภคบริโภค,แฟชั่น,666 ถนนพระราม 3 แขวงบางโพงพาง เขตยานนาวา กรุงเทพมหานคร,10120,0-2294-6999,0-2294-3803,www.newcity.co.th,
NCAP,บริษัท เน็คซ์ แคปปิตอล จำกัด (มหาชน),SET,ธุรกิจการเงิน,เงินทุนและหลักทรัพย์,163 อาคารไทยสมุทร ชั้น 15 ถนนสุรวงศ์ แขวงสุริยวงศ์ เขตบางรัก กรุงเทพมหานคร,10500,0-2096-6990,0-2096-6989,www.nextcapital.co.th,
NCH,บริษัท เอ็น. ซี. เฮ้าส์ซิ่ง จำกัด (มหาชน),SET,อสังหาริมทรัพย์และก่อสร้าง,พัฒนาอสังหาริมทรัพย์,เลขที่ 70 หมู่ที่ 5 ตำบลบึงคำพร้อย อำเภอลำลูกกา ปทุมธานี,12150,0-2993-5080-81,-,http://www.ncgroup.co.th,
NCL,บริษัท เอ็นซีแอล อินเตอร์เนชั่นแนล โลจิสติกส์ จำกัด (มหาชน),mai,บริการ,-,56/9-10 ซอยตากสิน 12/1 ถนนสมเด็จพระเจ้าตากสิน แขวงบุคคโล เขตธนบุรี กรุงเทพมหานคร,10600,0-2459-4945,-,www.nclthailand.com,
NCP,บริษัท ไนซ์ คอล จำกัด (มหาชน),mai,บริการ,-,"76/94,96 ถนนแจ้งวัฒนะ แขวงอนุสาวรีย์ เขตบางเขน กรุงเทพมหานคร",10220,02-090-5555,02-798-0041,https://www.nicecall.co.th,
NDR,บริษัท เอ็น.ดี.รับเบอร์ จำกัด (มหาชน),mai,สินค้าอุตสาหกรรม,-,129 หมู่ที่ 3 ถนนหนองชาก-พนัสนิคม ตำบลหนองอิรุณ อำเภอบ้านบึง ชลบุรี,20220,0-3313-9284,-,www.ndrubber.co.th,
NEO,บริษัท นีโอ คอร์ปอเรท จำกัด (มหาชน),SET,สินค้าอุปโภคบริโภค,ของใช้ส่วนตัวและเวชภัณฑ์,888 ซอยสุขุมวิท 54 แขวงพระโขนงใต้ เขตพระโขนง กรุงเทพมหานคร,10260,0-2017-8900,0-2017-8901,www.neo-corporate.com,
NEP,บริษัท เอ็นอีพี อสังหาริมทรัพย์ และอุตสาหกรรม จำกัด (มหาชน),SET,สินค้าอุตสาหกรรม,บรรจุภัณฑ์,41 ซอยพหลโยธิน 5 ถนนพหลโยธิน แขวงพญาไท เขตพญาไท กรุงเทพมหานคร,10400,0-2271-4213-16,0-2271-4416,www.nep.co.th,
NER,บริษัท นอร์ทอีส รับเบอร์ จำกัด (มหาชน),SET,เกษตรและอุตสาหกรรมอาหาร,ธุรกิจการเกษตร,เลขที่ 398 หมู่ 4 ตำบลโคกม้า อำเภอประโคนชัย บุรีรัมย์,31140,"0-4466-6928, 0-4466-6929","0-4466-6212, 0-4466-6213",http://www.nerubber.com,
NETBAY,บริษัท เน็ตเบย์ จำกัด (มหาชน),mai,เทคโนโลยี,-,"719/5,8-9 ถนนพระรามที่ 6 แขวงวังใหม่ เขตปทุมวัน กรุงเทพมหานคร",10330,0-2620-1800,0-2612-3051,http://www.netbay.co.th,
NEW,บริษัท วัฒนาการแพทย์ จำกัด (มหาชน),SET,บริการ,การแพทย์,70/7-8 ถนนศุภกิจจรรยา ตำบลหมากแข้ง อำเภอเมือง อุดรธานี,41000,"0-4224-1031-3, 0-4224-6181-3",0-4224-1956,www.wattanahospital.net,
NEWS,บริษัท นิวส์ เน็ตเวิร์ค คอร์ปอเรชั่น จำกัด (มหาชน),mai,บริการ,-,944 โครงการสามย่านมิตรทาวน์ ชั้นที่ 28 ห้องเลขที่ 2807-2810 ถนนพระราม 4 แขวงวังใหม่ เขตปทุมวัน กรุงเทพมหานคร,10330,0-2273-8351,0-2273-8359,www.newsnetwork.co.th,
NEX,บริษัท เน็กซ์ พอยท์ จำกัด (มหาชน),SET,สินค้าอุตสาหกรรม,ยานยนต์,เลขที่ 999/999 หมู่ 4 ตำบลบางโฉลง อำเภอบางพลี สมุทรปราการ,10540,0-2026-3599,0-2116-4878,www.nexpoint.co.th,
NFC,บริษัท เอ็นเอฟซี จำกัด (มหาชน),SET,สินค้าอุตสาหกรรม,ปิโตรเคมีและเคมีภัณฑ์,เลขที่ 88 อาคารเอสซี กรุ๊ป ชั้น 3 ถนนเดอะพาร์คแลนด์ แขวงบางนาเหนือ เขตบางนา กรุงเทพมหานคร,10260,0-2348-0580-6,0-2348-0578-9,www.nfc.co.th,
NKI,บริษัท นวกิจประกันภัย จำกัด (มหาชน),SET,ธุรกิจการเงิน,ประกันภัยและประกันชีวิต,"อาคารสาธรนคร สาธรธานีคอมเพล็กซ์ ชั้น 26-27, 100/50-55, 90/4-6 ถนนสาธรเหนือ แขวงสีลม เขตบางรัก กรุงเทพมหานคร",10500,"0-2636-7900 , 0-2238-5058","0-2636-7999, 0-2636-7998",www.navakij.co.th,
NKT,บริษัท โรงพยาบาลนครธน จำกัด (มหาชน),SET,บริการ,การแพทย์,เลขที่ 1 ตรอก/ซอย พระรามที่ 2 ซอย 56 แขวงแสมดำ เขตบางขุนเทียน กรุงเทพมหานคร,10150,"0-2450-9999,0-2000-9999",0-2415-4340,www.nakornthon.com,
NL,บริษัท เอ็นแอล ดีเวลลอปเมนต์ จำกัด (มหาชน),SET,อสังหาริมทรัพย์และก่อสร้าง,บริการรับเหมาก่อสร้าง,417 ถนนราชวิถี แขวงบางพลัด เขตบางพลัด กรุงเทพมหานคร,10700,0-2435-1054,0-2879-2495,www.nldplc.com,
NNCL,บริษัท นวนคร จำกัด (มหาชน),SET,อสังหาริมทรัพย์และก่อสร้าง,พัฒนาอสังหาริมทรัพย์,เลขที่ 999 หมู่ 13 ถนนพหลโยธิน ต.คลองหนึ่ง อ.คลองหลวง ปทุมธานี,12120,0-2529-0031-5,0-2529-2176,www.navanakorn.co.th,
NOBLE,บริษัท โนเบิล ดีเวลลอปเมนท์ จำกัด (มหาชน),SET,อสังหาริมทรัพย์และก่อสร้าง,พัฒนาอสังหาริมทรัพย์,อาคารโนเบิล เลขที่ 1035 ถนนเพลินจิต แขวงลุมพินี เขตปทุมวัน กรุงเทพมหานคร,10330,0-2251-9955,0-2251-9977,www.noblehome.com,
NOVA,บริษัท โนวา เอมไพร์ จำกัด (มหาชน),SET,ทรัพยากร,พลังงานและสาธารณูปโภค,เลขที่ 88 ซอยบางนา-ตราด 30 ถนนเทพรัตน แขวงบางนาใต้ เขตบางนา กรุงเทพมหานคร,10260,-,-,https://www.novaempire.co.th,
NPK,บริษัท นิวพลัสนิตติ้ง จำกัด (มหาชน),mai,สินค้าอุปโภคบริโภค,-,34 หมู่ 20 ถนนสุวินทวงศ์ ตำบลศาลาแดง อำเภอบางน้ำเปรี้ยว ฉะเชิงเทรา,24000,"0-3859-3129-30 , 0-3859-3133",0-3884-6040,https://www.newplus.co.th/,
NRF,บริษัท เอ็นอาร์ อินสแตนท์ โปรดิวซ์ จำกัด (มหาชน),SET,เกษตรและอุตสาหกรรมอาหาร,อาหารและเครื่องดื่ม,99/1 หมู่ที่ 4 ตำบลแคราย อำเภอกระทุ่มแบน สมุทรสาคร,74110,0-3484-9576-80,0-3484-9586,https://www.nrinstant.com/,
NSL,บริษัท เอ็นเอสแอล ฟู้ดส์ จำกัด (มหาชน),SET,เกษตรและอุตสาหกรรมอาหาร,อาหารและเครื่องดื่ม,55/22 หมู่ที่ 3 ถนนบางบัวทอง-สะพานนนทบุรี (345) ตำบลลำโพ อำเภอบางบัวทอง นนทบุรี,11110,0-2525-8520,0-2525-8538,www.nslfoods.com,
NTF,บริษัท เอ็นทีเอฟ อินเตอร์กรุ๊ป (ประเทศไทย) จำกัด (มหาชน),mai,เกษตรและอุตสาหกรรมอาหาร,-,เลขที่ 195 หมู่บ้าน/อาคาร วัน แบงค็อก ทาวเวอร์ 4 ชั้น 12 ห้อง 1211-1213 ถนน วิทยุ ตำบล/แขวง ลุมพินี อำเภอ/เขต ปทุมวัน กรุงเทพมหานคร,10330,08-2849-2445,-,www.ntfintergroup.com,
NTSC,บริษัท นิวทรีชั่น เอสซี จำกัด (มหาชน),mai,เกษตรและอุตสาหกรรมอาหาร,-,47/2 หมู่ที่ 6 ถนนพุทธมณฑลสาย 4 ตำบลกระทุ่มล้ม อำเภอสามพราน นครปฐม,73220,0-2840-4333,-,https://nutritionsc.co.th,
NTV,บริษัท โรงพยาบาลนนทเวช จำกัด (มหาชน),SET,บริการ,การแพทย์,432 ถนนงามวงศ์วาน ตำบลบางเขน อำเภอเมือง นนทบุรี,11000,0-2596-7888,0-2589-8753,www.nonthavej.co.th,
NUT,บริษัท นูทริชั่น โปรเฟส จำกัด (มหาชน),mai,สินค้าอุปโภคบริโภค,-,"1,2 ซอยจตุโชติ 14 (วัดโคกจ้าหล่า) แขวงออเงิน เขตสายไหม กรุงเทพมหานคร",10220,0-2022-9400,0-2022-9401,https://www.nutritionprofess.com/th,
NV,บริษัท โนวา ออร์แกนิค จำกัด (มหาชน),SET,สินค้าอุปโภคบริโภค,ของใช้ส่วนตัวและเวชภัณฑ์,190/4 หมู่ที่ 8 ตำบลในคลองบางปลากด อำเภอพระสมุทรเจดีย์ สมุทรปราการ,10290,0-2408-6778,0-2408-6778,https://www.nova-organic.com,
NVD,บริษัท เนอวานา ดีเวลลอปเม้นท์ จำกัด (มหาชน),SET,อสังหาริมทรัพย์และก่อสร้าง,พัฒนาอสังหาริมทรัพย์,เลขที่ 343/351 ถนนประเสริฐมนูกิจ แขวงนวลจันทร์ เขตบึงกุ่ม กรุงเทพมหานคร,10230,0-2105-6789,0-2105-6787,https://www.nirvanadevelopment.co.th,
NWR,บริษัทเนาวรัตน์พัฒนาการ จำกัด (มหาชน),SET,อสังหาริมทรัพย์และก่อสร้าง,บริการรับเหมาก่อสร้าง,"อาคารบางนาทาวเวอร์ เอ ชั้น 18-19, 2/3 หมู่ 14 ถนนบางนา-ตราด กม.6.5 ตำบลบางแก้ว อำเภอบางพลี สมุทรปราการ",10540,"0-2730-2100, 0-2751-9455-74","0-2751-9487, 0-2751-9484-5",www.nawarat.co.th,
NYT,บริษัท นามยง เทอร์มินัล จำกัด (มหาชน),SET,บริการ,ขนส่งและโลจิสติกส์,1168/52 อาคารลุมพินีทาวเวอร์ ชั้น 19 ถนนพระราม 4 แขวงทุ่งมหาเมฆ เขตสาทร กรุงเทพมหานคร,10120,0-2679-7357,0-2285-6642,www.namyongterminal.com,
OCC,บริษัท โอ ซี ซี จำกัด (มหาชน),SET,สินค้าอุปโภคบริโภค,ของใช้ส่วนตัวและเวชภัณฑ์,729/4-7 ถนนรัชดาภิเษก แขวงบางโพงพาง เขตยานนาวา กรุงเทพมหานคร,10120,"0-2295-4545, 0-2295-4567",0-2295-0415,www.occ.co.th,
OGC,บริษัท โอเชียนกลาส จำกัด (มหาชน),SET,สินค้าอุปโภคบริโภค,ของใช้ในครัวเรือนและสำนักงาน,75/88-90 ชั้น 34 อาคารโอเชี่ยนทาวเวอร์ 2 ถนนสุขุมวิท 19 (ซอยวัฒนา) แขวงคลองเตยเหนือ เขตวัฒนา กรุงเทพมหานคร,10110,0-2661-6556,0-2661-6550,http://www.oceanglass.com,
OHTL,บริษัท โอเอชทีแอล จำกัด (มหาชน),SET,บริการ,การท่องเที่ยวและสันทนาการ,48 ซอยบูรพา ถนนเจริญกรุง แขวงบางรัก เขตบางรัก กรุงเทพมหานคร,10500,0-2659-9000,0-2659-0000,https://www.mandarinoriental.com/en/bangkok,
OKJ,บริษัท ปลูกผักเพราะรักแม่ จำกัด (มหาชน),SET,เกษตรและอุตสาหกรรมอาหาร,อาหารและเครื่องดื่ม,เลขที่ 411 หมู่ 2 ตำบลหนองจ๊อม อำเภอสันทราย เชียงใหม่,50210,0-5208-0744,-,www.okjgroup.com,
ONEE,บริษัท เดอะ วัน เอ็นเตอร์ไพรส์ จำกัด (มหาชน),SET,บริการ,สื่อและสิ่งพิมพ์,50 อาคาร จีเอ็มเอ็ม แกรมมี่เพลส ถนนสุขุมวิท 21(อโศกมนตรี) แขวงคลองเตยเหนือ เขตวัฒนา กรุงเทพมหานคร,10110,0-2669-9697,-,www.theoneenterprise.com,
ONSENS,บริษัท ออนเซ็น รีทรีต แอนด์ สปา กรุ๊ป จำกัด (มหาชน),SET,บริการ,การท่องเที่ยวและสันทนาการ,เลขที่ 120/5 ตรอก/ซอย สุขุมวิท 26 ตำบล/แขวง คลองตัน อำเภอ/เขต คลองเตย กรุงเทพมหานคร,10110,0-2024-8595,-,www.onsengroup.co.th,
OR,บริษัท ปตท. น้ำมันและการค้าปลีก จำกัด (มหาชน),SET,ทรัพยากร,พลังงานและสาธารณูปโภค,555/2 ศูนย์เอ็นเนอร์ยี่คอมเพล็กซ์ อาคารบี ชั้นที่ 12 ถนนวิภาวดีรังสิต แขวงจตุจักร เขตจตุจักร กรุงเทพมหานคร,10900,0-2196-5959,-,www.pttor.com,
ORI,บริษัท ออริจิ้น พร็อพเพอร์ตี้ จำกัด (มหาชน),SET,อสังหาริมทรัพย์และก่อสร้าง,พัฒนาอสังหาริมทรัพย์,496 หมู่ที่ 9 ตำบลสำโรงเหนือ อำเภอเมืองสมุทรปราการ สมุทรปราการ,10270,0-2030-0000,0-2029-1939,https://origin.co.th/,
ORN,บริษัท อรสิริน โฮลดิ้ง จํากัด (มหาชน),SET,อสังหาริมทรัพย์และก่อสร้าง,พัฒนาอสังหาริมทรัพย์,เลขที่ 79 หมู่ที่ 8 ตำบลสันปูเลย อำเภอดอยสะเก็ด เชียงใหม่,50220,0-5333-3666,-,https://www.ornsirin.co.th,
OSP,บริษัท โอสถสภา จำกัด (มหาชน),SET,เกษตรและอุตสาหกรรมอาหาร,อาหารและเครื่องดื่ม,348 ถนนรามคำแหง แขวงหัวหมาก เขตบางกะปิ กรุงเทพมหานคร,10240,0-2351-1000,0-2351-1125,www.osotspa.com,
PACO,บริษัท เพรสซิเด้นท์ ออโตโมบิล อินดัสทรีส์ จำกัด (มหาชน),mai,สินค้าอุตสาหกรรม,-,88/8 หมู่ที่ 9 ซอย วปอ. 11 (พิเศษ) ตำบลสวนหลวง อำเภอกระทุ่มแบน สมุทรสาคร,74110,0-2810-9900,"0-2810-0526-8 ext. 321, 307",www.paco.co.th,
PAF,บริษัท แพนเอเซียฟุตแวร์ จำกัด (มหาชน),SET,สินค้าอุปโภคบริโภค,แฟชั่น,เลขที่ 507/2 หมู่ 11 ตำบล หนองขาม อำเภอ ศรีราชา ชลบุรี,20230,0-3848-0020,-,http://www.panasiafootwear.com,
PANEL,บริษัท เพเนเล่ส์มาติก โซลูชั่นส์ จำกัด (มหาชน),mai,อสังหาริมทรัพย์และก่อสร้าง,-,36 หมู่ที่ 7 ตำบลบางตลาด อำเภอปากเกร็ด นนทบุรี,11120,"0-2965-5578-80,82-84 Ext.312",0-2965-5584,www.panelesmatic.com,
PAP,บริษัท แปซิฟิกไพพ์ จำกัด (มหาชน),SET,สินค้าอุตสาหกรรม,เหล็ก และ ผลิตภัณฑ์โลหะ,"อาคารลุมพินีทาวเวอร์ ชั้น 26, 1168/74 ถนนพระราม 4 กรุงเทพมหานคร",10120,0-2679-9000,0-2679-9075,http://www.pacificpipe.co.th,
PATO,บริษัท พาโตเคมีอุตสาหกรรม จำกัด (มหาชน),SET,สินค้าอุตสาหกรรม,ปิโตรเคมีและเคมีภัณฑ์,3388 ถนนเพชรบุรีตัดใหม่ แขวงบางกะปิ เขตห้วยขวาง กรุงเทพมหานคร,10310,"0-2318-5612-19, 0-2318-0360-9",0-2318-0367,www.patochemical.com,
PB,บริษัท เพรซิเดนท์ เบเกอรี่ จำกัด (มหาชน),SET,เกษตรและอุตสาหกรรมอาหาร,อาหารและเครื่องดื่ม,"อาคารชุด อาร์ เอส ทาวเวอร์ ชั้น 29, 121/84-85 ถนนรัชดาภิเษก แขวงดินแดง เขตดินแดง กรุงเทพมหานคร",10400,02-209-3000,02-209-3091,http://www.farmhouse.co.th,
PCC,บริษัท พรีไซซ คอร์ปอเรชั่น จำกัด (มหาชน),SET,สินค้าอุตสาหกรรม,วัสดุอุตสาหกรรมและเครื่องจักร,1842 ถนนกรุงเทพ-นนทบุรี แขวงวงศ์สว่าง เขตบางซื่อ กรุงเทพมหานคร,10800,02-910-9700,-,http://www.precise.co.th,
PCE,บริษัท เพชรศรีวิชัย เอ็นเตอร์ไพรส์ จำกัด (มหาชน),SET,เกษตรและอุตสาหกรรมอาหาร,ธุรกิจการเกษตร,เลขที่ 99/19 หมู่ที่ 4 ถนนกาญจนวิถี ตำบลบางกุ้ง อำเภอเมืองสุราษฎร์ธานี สุราษฎร์ธานี,84000,0-7728-4917-9,-,https://www.pce-th.com,
PCSGH,บริษัท พี.ซี.เอส.แมชีน กรุ๊ปโฮลดิ้ง จำกัด (มหาชน),SET,สินค้าอุตสาหกรรม,ยานยนต์,เลขที่ 2/1-9 หมู่ 3 ตำบลโคกกรวด อำเภอเมืองนครราชสีมา นครราชสีมา,30000,0-4470-1300,0-4470-1399,www.pcsgh.com,
PDG,บริษัท พรอดดิจิ จำกัด (มหาชน),mai,สินค้าอุตสาหกรรม,-,7/3 หมู่ที่ 3 ตำบลบางกระเบา อำเภอนครชัยศรี นครปฐม,73120,0-3433-2611-2,0-3433-2613,www.prodigy.co.th,
PDJ,บริษัท แพรนด้า จิวเวลรี่ จำกัด (มหาชน),SET,สินค้าอุปโภคบริโภค,แฟชั่น,28 ซอยบางนา-ตราด 28 แขวงบางนาใต้ เขตบางนา กรุงเทพมหานคร,10260,"0-2769-9999, 0-2361-3311","0-2398-2143, 0-2399-4874",www.pranda.com,
PEACE,บริษัท พีซแอนด์ลีฟวิ่ง จำกัด (มหาชน),SET,อสังหาริมทรัพย์และก่อสร้าง,พัฒนาอสังหาริมทรัพย์,231/14 ซอยเอกมัย 7 ถนนสุขุมวิท 63 แขวงคลองตันเหนือ เขตวัฒนา กรุงเทพมหานคร,10110,0-2392-1066-8,-,http://www.peaceandliving.co.th,
PEER,บริษัท เพียร์ ฟอร์ ยู จำกัด (มหาชน),mai,บริการ,-,เลขที่ 944 อาคารมิตรทาวน์ ออฟฟิศ ทาวเวอร์ ชั้นที่ 28 ห้องเลขที่ 2807-2810 ถนนพระรามที่ 4 แขวงวังใหม่ เขตปทุมวัน กรุงเทพมหานคร,10330,-,-,www.peerforyou.co.th,
PERM,บริษัท เพิ่มสินสตีลเวิคส์ จำกัด (มหาชน),SET,สินค้าอุตสาหกรรม,เหล็ก และ ผลิตภัณฑ์โลหะ,"เลขที่ 4, 95-96 หมู่ที่ 6 ตำบลโคกขาม อำเภอเมืองสมุทรสาคร สมุทรสาคร",74000,0-3482-5090-100,"0-3482-5078, 0-3482-5079, 0-3482-5081",www.permsin.com,
PF,บริษัท พร็อพเพอร์ตี้ เพอร์เฟค จำกัด (มหาชน),SET,อสังหาริมทรัพย์และก่อสร้าง,พัฒนาอสังหาริมทรัพย์,"อาคารวรสมบัติ ชั้น 17, 100/1 ถนนพระราม 9 แขวงห้วยขวาง เขตห้วยขวาง กรุงเทพมหานคร",10320,0-2245-6640-7,0-2247-3328,www.pf.co.th,
PG,บริษัท ประชาอาภรณ์ จำกัด (มหาชน),SET,สินค้าอุปโภคบริโภค,แฟชั่น,666 ถนนพระราม 3 แขวงบางโพงพาง เขตยานนาวา กรุงเทพมหานคร,10120,0-2685-6500,0-2294-5159,www.pg.co.th,
PHG,บริษัท แพทย์รังสิตเฮลท์แคร์กรุ๊ป จำกัด (มหาชน),SET,บริการ,การแพทย์,733/345 และ 733/359 หมู่ 8 ถนน พหลโยธิน ตำบลคูคต อำเภอลำลูกกา ปทุมธานี,12130,0-2998-9999,-,www.patrangsit.com,
PHOL,บริษัท ผลธัญญะ จำกัด (มหาชน),mai,สินค้าอุตสาหกรรม,-,1/11 หมู่ที่ 3 ถ.ลำลูกกา ต.ลาดสวาย อ.ลำลูกกา ปทุมธานี,12150,0-2791-0111,0-2791-0100-2,http://www.pdgth.com,
PICO,บริษัท ปิโก (ไทยแลนด์) จำกัด (มหาชน),mai,บริการ,-,10 ซอยลาซาล 56 แขวงบางนาใต้ เขตบางนา กรุงเทพมหานคร,10260,0-2748-7007,"0-2745-8521, 0-2748-7591",https://www.picothai.com,
PIMO,บริษัท ไพโอเนียร์ มอเตอร์ จำกัด (มหาชน),mai,สินค้าอุตสาหกรรม,-,"เลขที่ 78,78/4,78/5 หมู่ 3 ถนนดอนตูม-นครชัยศรี ตำบลดอนแฝก อำเภอนครชัยศรี นครปฐม",73120,0-3426-5111-8,0-3426-5119,www.pioneermotor.th.com,
PIN,บริษัท ปิ่นทอง อินดัสเตรียล ปาร์ค จำกัด (มหาชน),SET,อสังหาริมทรัพย์และก่อสร้าง,พัฒนาอสังหาริมทรัพย์,เลขที่ 789 หมู่ที่ 1 ถนนสายหนองค้อ-แหลมฉบัง ตำบลหนองขาม อำเภอศรีราชา ชลบุรี,20230,0-2294-0066 Ext. 291,-,https://www.pinthongindustrial.com/,
PIS,บริษัท โปร อินไซด์ จำกัด (มหาชน),mai,เทคโนโลยี,-,เลขที่ 55 ตำบล/แขวง ดินแดง อำเภอ/เขต ดินแดง กรุงเทพมหานคร,10400,0-2029-7875,0-2029-7879,www.proinside.co.th,
PJW,บริษัท ปัญจวัฒนาพลาสติก จำกัด (มหาชน),SET,สินค้าอุตสาหกรรม,บรรจุภัณฑ์,"เลขที่ 19, 21 ซอยเอกชัย 63 ถนนเอกชัย แขวงบางบอน เขตบางบอน กรุงเทพมหานคร",10150,0-2415-1894,0-2415-0951,www.pjw.co.th,
PK,บริษัท พัฒน์กล จำกัด (มหาชน),SET,สินค้าอุตสาหกรรม,วัสดุอุตสาหกรรมและเครื่องจักร,348 ถนนเฉลิมพระเกียรติ ร.9 แขวงหนองบอน เขตประเวศ กรุงเทพมหานคร,10250,0-2328-1032-49,-,www.patkol.com,
PL,บริษัท ภัทรลิสซิ่ง จำกัด (มหาชน),SET,ธุรกิจการเงิน,เงินทุนและหลักทรัพย์,"อาคารเมืองไทยภัทรคอมเพล็กซ์ 1 ชั้น 29, 252/6 ถนนรัชดาภิเษก เขตห้วยขวาง กรุงเทพมหานคร",10320,0-2693-2288,0-2693-2298-99,www.pl.co.th,
PLANB,บริษัท แพลน บี มีเดีย จำกัด (มหาชน),SET,บริการ,สื่อและสิ่งพิมพ์,เลขที่ 1700 อาคารแพลน บี ทาวเวอร์ ถนนเพชรบุรีตัดใหม่ แขวงมักกะสัน เขตราชเทวี กรุงเทพมหานคร,10400,0-2530-8053-6,0-2530-8057,www.planbmedia.co.th,
PLANET,บริษัท แพลนเน็ต คอมมิวนิเคชั่น เอเชีย จำกัด (มหาชน),mai,เทคโนโลยี,-,157 ซอยรามอินทรา 34 ถนนรามอินทรา แขวงท่าแร้ง เขตบางเขน กรุงเทพมหานคร,10230,0-2792-2400,0-2792-2499,www.planetcomm.com,
PLAT,บริษัท เดอะ แพลทินัม กรุ๊ป จำกัด (มหาชน),SET,อสังหาริมทรัพย์และก่อสร้าง,พัฒนาอสังหาริมทรัพย์,เลขที่ 111 อาคาร เพียร์ 111 (M2) ชั้น 21 ถนนราชดำริห์ แขวงลุมพินี เขตปทุมวัน กรุงเทพมหานคร,10330,0-2121-9999,-,http://theplatinumgroup.co.th,
PLE,บริษัท เพาเวอร์ไลน์ เอ็นจิเนียริ่ง จำกัด (มหาชน),SET,อสังหาริมทรัพย์และก่อสร้าง,บริการรับเหมาก่อสร้าง,2 ซอยสุขุมวิท 81 (ศิริพจน์) ถนนสุขุมวิท แขวงบางจาก เขตพระโขนง กรุงเทพมหานคร,10260,0-2332-0345,0-2311-0851,http://www.ple.co.th,
PLT,บริษัท พีลาทัส มารีน จำกัด (มหาชน),mai,บริการ,-,84/1-4 อาคารยังเพลส แกรนด์ เลอ จาแด๊งน์ ชั้น 1-4 ซอยพหลโยธิน 37 แขวงลาดยาว เขตจตุจักร กรุงเทพมหานคร,10900,0-2930-1801-10,0-2512-2365,www.pilatusmarine.co.th,
PLUS,บริษัท โรแยล พลัส จำกัด (มหาชน),SET,เกษตรและอุตสาหกรรมอาหาร,อาหารและเครื่องดื่ม,84/3-7 ซอยพระรามที่ 2 ซอย 69 แขวงแสมดำ เขตบางขุนเทียน กรุงเทพมหานคร,10150,0-2416-9209,0-2416-0219,www.royalplus.co.th,
PM,บริษัท พรีเมียร์ มาร์เก็ตติ้ง จำกัด (มหาชน),SET,เกษตรและอุตสาหกรรมอาหาร,อาหารและเครื่องดื่ม,เลขที่ 1 พรีเมียร์คอร์เปอเรทปาร์ค ซอยพรีเมียร์ 2 ถนนศรีนครินทร์ แขวงหนองบอน เขตประเวศ กรุงเทพมหานคร,10250,0-2301-1000,0-2301-1020,www.premier-marketing.co.th,
PMC,บริษัท พีเอ็มซี เลเบิล แมททีเรียลส์ จำกัด (มหาชน),mai,สินค้าอุตสาหกรรม,-,30/28 หมู่ที่ 2 ตำบลโคกขาม อำเภอเมือง สมุทรสาคร,74000,0-3445-2000,-,www.pmclabel.com,
PMTA,บริษัท พีเอ็ม โทรีเซน เอเชีย โฮลดิ้งส์ จำกัด (มหาชน),SET,สินค้าอุตสาหกรรม,ปิโตรเคมีและเคมีภัณฑ์,26/26-27 อาคารอรกานต์ ชั้นที่ 8 ซอยชิดลม ถนนเพลินจิต แขวงลุมพินี เขตปทุมวัน กรุงเทพมหานคร,10330,0-2250-0569,0-2657-1040,http://www.pmthoresenasia.com,
POLY,บริษัท โพลีเน็ต จำกัด (มหาชน),SET,สินค้าอุตสาหกรรม,ยานยนต์,888 หมู่ที่ 11 ตำบลบางเสาธง อำเภอบางเสาธง สมุทรปราการ,10570,0-2397-9094,0-2397-9097,https://www.polynet.co.th,
POPF,กองทุนรวมสิทธิการเช่าอสังหาริมทรัพย์ไพร์มออฟฟิศ,SET,อสังหาริมทรัพย์และก่อสร้าง,กองทุนรวมอสังหาริมทรัพย์และกองทรัสต์เพื่อการลงทุนในอสังหาริมทรัพย์,ชั้น 7-8 อาคาร 1 ไทยพาณิชย์ ปาร์ค พลาซ่า เลขที่ 18 ถนนรัชดาภิเษก แขวงจตุจักร เขตจตุจักร กรุงเทพมหานคร,10900,0-2949-1500,0-2949-1501,www.scbam.com,
PORT,บริษัท สหไทย เทอร์มินอล จำกัด (มหาชน),SET,บริการ,ขนส่งและโลจิสติกส์,51/1 หมู่ที่ 3 ถนนปู่เจ้าสมิงพราย ตำบลบางหญ้าแพรก อำเภอพระประแดง สมุทรปราการ,10130,0-2386-8000,0-2386-8008,http://sahathaiterminal.com/,
PPM,บริษัท พรพรหมเม็ททอล จำกัด (มหาชน),mai,สินค้าอุตสาหกรรม,-,เลขที่ 205/1 ถนนนครราชสีมา แขวงดุสิต เขตดุสิต กรุงเทพมหานคร,10300,0-2628-6100,0-2628-6006,www.ppm.co.th,
PPP,บริษัท พรีเมียร์ โพรดักส์ จำกัด (มหาชน),SET,อสังหาริมทรัพย์และก่อสร้าง,วัสดุก่อสร้าง,เลขที่ 2 พรีเมียร์เพลซ ซอยพรีเมียร์ 2 ถนนศรีนครินทร์ แขวงหนองบอน เขตประเวศ กรุงเทพมหานคร,10250,"0-2301-2100, 0-2301-2101",0-2398-1301,www.premier-products.co.th,
PPPM,บริษัท พีพี ไพร์ม จำกัด (มหาชน),SET,เกษตรและอุตสาหกรรมอาหาร,ธุรกิจการเกษตร,เลขที่ 62-62/1 หมู่ที่ 2 ถนนรพช.อู่ตะเภา ตำบลหนองชุมพล อำเภอเขาย้อย เพชรบุรี,76140,0-3289-9881-4,0-3289-9885,https://www.ppprime.co.th/,
PPS,บริษัท โปรเจค แพลนนิ่ง เซอร์วิส จำกัด (มหาชน),mai,อสังหาริมทรัพย์และก่อสร้าง,-,381/6 ซอยพระรามเก้า 58 (ซอย 7 เสรี 7) ถนนพระรามเก้า แขวงสวนหลวง เขตสวนหลวง กรุงเทพมหานคร,10250,0-2718-2785-9,0-2300-5545-6,www.pps.co.th,
PQS,บริษัท พรีเมียร์ควอลิตี้สตาร์ช จำกัด (มหาชน),SET,เกษตรและอุตสาหกรรมอาหาร,อาหารและเครื่องดื่ม,เลขที่ 185 หมู่ที่ 14 ตำบลคำป่าหลาย อำเภอเมืองมุกดาหาร มุกดาหาร,49000,0-4264-3818,0-4264-3819,https://www.pqstarch.com,
PR9,บริษัท โรงพยาบาลพระรามเก้า จำกัด (มหาชน),SET,บริการ,การแพทย์,เลขที่ 99 ถนนพระราม 9 แขวงบางกะปิ เขตห้วยขวาง กรุงเทพมหานคร,10310,0-2202-9999,0-2202-9998,http://www.praram9.com,
PRAKIT,บริษัท ประกิต โฮลดิ้งส์ จำกัด (มหาชน),SET,บริการ,สื่อและสิ่งพิมพ์,88 ซอยสุขุมวิท 62 แยก 3 แขวงพระโขนงใต้ เขตพระโขนง กรุงเทพมหานคร,10260,0-2332-8555,"0-2332-8522, 0-2332-8544",http://www.prakit.com,
PRAPAT,บริษัท พีรพัฒน์ เทคโนโลยี จำกัด (มหาชน),mai,สินค้าอุตสาหกรรม,-,406 ถนนรัชดาภิเษก แขวงสามเสนนอก เขตห้วยขวาง กรุงเทพมหานคร,10310,0-2290-1234,0-2290-1249,https://www.peerapat.com,
PREB,บริษัท พรีบิลท์ จำกัด (มหาชน),SET,อสังหาริมทรัพย์และก่อสร้าง,บริการรับเหมาก่อสร้าง,503 ชั้น1 ถนนบอนด์สตรีท ตำบลบางพูด อำเภอปากเกร็ด นนทบุรี,11120,0-2960-1380-89,0-2960-1392,www.prebuilt.co.th,
PRECHA,บริษัท ปรีชากรุ๊ป จำกัด (มหาชน),SET,อสังหาริมทรัพย์และก่อสร้าง,พัฒนาอสังหาริมทรัพย์,1919 ถนนพัฒนาการ แขวงสวนหลวง เขตสวนหลวง กรุงเทพมหานคร,10250,0-2722-8855,0-2722-8844,www.preecha.com,
PRG,บริษัท พี อาร์ จี คอร์ปอเรชั่น จำกัด (มหาชน),SET,เกษตรและอุตสาหกรรมอาหาร,อาหารและเครื่องดื่ม,88 หมู่ที่ 2 ถนนติวานนท์ อำเภอเมือง ปทุมธานี,12000,0-2501-2175,0-2501-2176,www.prg.co.th,
PRI,บริษัท พรีโม เซอร์วิส โซลูชั่น จำกัด (มหาชน),mai,อสังหาริมทรัพย์และก่อสร้าง,-,496 หมู่ 9 ซอยแบริ่ง 16 ถนนสุขุมวิท 107 ตำบลสำโรงเหนือ อำเภอเมือง สมุทรปราการ,10270,0-2081-0000,-,www.primo.co.th,
PRIME,บริษัท ไพร์ม โรด เพาเวอร์ จำกัด (มหาชน),SET,ทรัพยากร,พลังงานและสาธารณูปโภค,เลขที่ 1 อาคารทีพีแอนด์ที ชั้น 22 ซอยวิภาวดีรังสิต19 ถนนวิภาวดีรังสิต แขวงจตุจักร เขตจตุจักร กรุงเทพมหานคร,10900,0-2105-8686,0-2257-7006,www.primeroadpower.com,
PRIN,บริษัท ปริญสิริ จำกัด (มหาชน),SET,อสังหาริมทรัพย์และก่อสร้าง,พัฒนาอสังหาริมทรัพย์,246 ถนนวัชรพล แขวงท่าแร้ง เขตบางเขน กรุงเทพมหานคร,10220,0-2022-8988,-,http://www.prinsiri.com,
PRINC,บริษัท พริ้นซิเพิล แคปิตอล จำกัด (มหาชน),SET,บริการ,การแพทย์,เลขที่ 29 ชั้น 23 อาคารบางกอก บิสซิเนสเซ็นเตอร์ ถนนสุขุมวิท 63 แขวงคลองตันเหนือ เขตวัฒนา กรุงเทพมหานคร,10110,0-2714-2171-3,0-2714-2185,www.principalcapital.co.th,
PRM,บริษัท พริมา มารีน จำกัด (มหาชน),SET,บริการ,ขนส่งและโลจิสติกส์,เลขที่ 80 ซอยบางนา-ตราด 30 แขวงบางนาใต้ เขตบางนา กรุงเทพมหานคร,10260,0-2016-0190-4,0-2016-0199,www.primamarine.co.th,
PROEN,บริษัท โปรเอ็น คอร์ป จำกัด (มหาชน),mai,เทคโนโลยี,-,"72 อาคารโทรคมนาคม บางรัก ชั้น 4, 18 ถนนเจริญกรุง แขวงบางรัก เขตบางรัก กรุงเทพมหานคร",10500,"0-2690-3888, 0-2639-7888","0-2639-7892, 0-2691-1898",https://www.proen.co.th/,
PROS,บริษัท พรอสเพอร์ เอ็นจิเนียริ่ง จำกัด (มหาชน),mai,อสังหาริมทรัพย์และก่อสร้าง,-,เลขที่ 11 ซอยนาคนิวาส 20 ถนนนาคนิวาส แขวงลาดพร้าว เขตลาดพร้าว กรุงเทพมหานคร,10230,0-2514-3113,-,www.prosperengineering.co.th,
PROSPECT,ทรัสต์เพื่อการลงทุนในอสังหาริมทรัพย์และสิทธิการเช่าอสังหาริมทรัพย์ พรอสเพค โลจิสติกส์และอินดัสเทรียล,SET,อสังหาริมทรัพย์และก่อสร้าง,กองทุนรวมอสังหาริมทรัพย์และกองทรัสต์เพื่อการลงทุนในอสังหาริมทรัพย์,เลขที่ 345 อาคาร 345 สุรวงศ์ ชั้น 5 ถนนสุรวงศ์ แขวงสุริยวงศ์ เขตบางรัก กรุงเทพมหานคร,10500,0-2697-3788,0-2697-3794,www.prospectreit.com,
PROUD,บริษัท พราว เรียล เอสเตท จำกัด (มหาชน),SET,อสังหาริมทรัพย์และก่อสร้าง,พัฒนาอสังหาริมทรัพย์,เลขที่ 548 อาคาร วัน ซิตี้ เซ็นเตอร์ ชั้น 19 ห้องเลขที่ 1902-1903 ถนนเพลินจิต แขวงลุมพินี เขตปทุมวัน กรุงเทพมหานคร,10330,0-2035-0999,0-2035-0998,www.proudrealestate.co.th,
PRTR,บริษัท พีอาร์ทีอาร์ กรุ๊ป จำกัด (มหาชน),SET,บริการ,บริการเฉพาะกิจ,2034/82 อาคารอิตัลไทย ทาวเวอร์ ชั้น 18 ถนนเพชรบุรีตัดใหม่ แขวงบางกะปิ เขตห้วยขวาง กรุงเทพมหานคร,10310,0-2716-0000,-,https://www.prtr.com/,
PSGC,บริษัท พีเอสจี คอร์ปอเรชั่น จำกัด (มหาชน),mai,อสังหาริมทรัพย์และก่อสร้าง,-,เลขที่ 11/1 อาคารเอไอเอ สาทร ทาวเวอร์ ชั้น 9 ถนนสาทรใต้ แขวงยานนาวา เขตสาทร กรุงเทพมหานคร,10120,0-2018-7190-8,0-2018-7199,www.psgcorp.co.th,
PSH,บริษัท พฤกษา โฮลดิ้ง จำกัด (มหาชน),SET,อสังหาริมทรัพย์และก่อสร้าง,พัฒนาอสังหาริมทรัพย์,เลขที่ 1177 อาคาร เพิร์ล แบงก์ค็อก ถนนพหลโยธิน แขวงพญาไท เขตพญาไท กรุงเทพมหานคร,10400,0-2080-1739,0-2080-1700,http://www.psh.co.th,
PSL,บริษัท พรีเชียส ชิพปิ้ง จำกัด (มหาชน),SET,บริการ,ขนส่งและโลจิสติกส์,"เลขที่ 8 ชั้นที่ จี, 7, 8, และ 9 ถนนสาทรเหนือ แขวงสีลม เขตบางรัก กรุงเทพมหานคร",10500,0-2696-8800,"0-2236-7654, 0-2633-8460",www.preciousshipping.com,
PSP,บริษัท พี.เอส.พี.สเปเชียลตี้ส์ จำกัด (มหาชน),SET,สินค้าอุตสาหกรรม,วัสดุอุตสาหกรรมและเครื่องจักร,เลขที่ 1 ถนนบรมราชชนนี แขวงอรุณอมรินทร์ เขตบางกอกน้อย กรุงเทพมหานคร,10700,0-2434-0540,0-2433-6016,www.psp.co.th,
PSTC,บริษัท เพาเวอร์ โซลูชั่น เทคโนโลยี จำกัด (มหาชน),mai,ทรัพยากร,-,เลขที่ 389 อาคารพีเอสทีซี ถนน วิภาวดีรังสิต แขวง สามเสนใน เขตพญาไท กรุงเทพมหานคร,10400,0-2526-9999,0-2408-6235,http://www.pst.co.th,
PT,บริษัท พรีเมียร์ เทคโนโลยี จำกัด (มหาชน),SET,เทคโนโลยี,เทคโนโลยีสารสนเทศและการสื่อสาร,"อาคารพรีเมียร์คอร์เปอเรทปาร์ค, 1 ซอยพรีเมียร์ 2 ถนนศรีนครินทร์ แขวงหนองบอน เขตประเวศ กรุงเทพมหานคร",10250,"0-2301-1000,0-2301-1550",0-2398-2816,www.premier-technology.co.th,
PTC,บริษัท พรีเมียร์ แทงค์ คอร์ปอเรชั่น จำกัด (มหาชน),mai,ทรัพยากร,-,เลขที่ 2034/69 อาคารอิตัลไทย ทาวเวอร์ ชั้น 15 ถนนเพชรบุรีตัดใหม่ แขวงบางกะปิ เขตห้วยขวาง กรุงเทพมหานคร,10310,0-2318-4013,0-2318-4014,www.premiertankcorp.com,
PTECH,บริษัท พลัส เทค อินโนเวชั่น จำกัด (มหาชน),SET,บริการ,สื่อและสิ่งพิมพ์,41/1 ซอยวัดสวนส้ม ถนนปู่เจ้าสมิงพราย ตำบลสำโรงใต้ อำเภอพระประแดง สมุทรปราการ,10130,"0-2394-4374-5, 0-2754-2650",0-2384-0917,www.plustech.co.th,
PTG,บริษัท พีทีจี เอ็นเนอยี จำกัด (มหาชน),SET,ทรัพยากร,พลังงานและสาธารณูปโภค,เลขที่ 90 อาคารซีดับเบิ้ลยู ทาวเวอร์ เอ ชั้นที่ 33 ถนนรัชดาภิเษก แขวงห้วยขวาง เขตห้วยขวาง กรุงเทพมหานคร,10310,"0-2168-3377, 0-2168-3388","0-2168-3379, 0-2168-3389",www.ptgenergy.co.th,
PTL,บริษัท โพลีเพล็กซ์ (ประเทศไทย) จำกัด (มหาชน),SET,สินค้าอุตสาหกรรม,บรรจุภัณฑ์,"อาคารโอเชี่ยนทาวเวอร์ 2 ชั้น 18, 75/26 สุขุมวิท 19 (อโศก) แขวงคลองเตยเหนือ เขตวัฒนา กรุงเทพมหานคร",10110,0-2665-2706-8,0-2665-2705,www.polyplexthailand.com,
PTT,บริษัท ปตท. จำกัด (มหาชน),SET,ทรัพยากร,พลังงานและสาธารณูปโภค,555 ถนนวิภาวดีรังสิต แขวงจตุจักร เขตจตุจักร กรุงเทพมหานคร,10900,0-2537-2000,0-2537-3498-9,http://www.pttplc.com,
PTTEP,บริษัท ปตท.สำรวจและผลิตปิโตรเลียม จำกัด (มหาชน),SET,ทรัพยากร,พลังงานและสาธารณูปโภค,555/1 ศูนย์เอนเนอร์ยี่คอมเพล็กซ์ อาคาร A ชั้น 19-36 ถนนวิภาวดีรังสิต แขวงจตุจักร เขตจตุจักร กรุงเทพมหานคร,10900,0-2537-4000,0-2537-4444,www.pttep.com,
PTTGC,บริษัท พีทีที โกลบอล เคมิคอล จำกัด (มหาชน),SET,สินค้าอุตสาหกรรม,ปิโตรเคมีและเคมีภัณฑ์,เลขที่ 555/1 ศูนย์เอนเนอร์ยี่คอมเพล็กซ์ อาคาร เอ ชั้น 18 ถนนวิภาวดีรังสิต แขวงจตุจักร เขตจตุจักร กรุงเทพมหานคร,10900,0-2265-8400,0-2265-8500,www.pttgcgroup.com,
PYLON,บริษัท ไพลอน จำกัด (มหาชน),SET,อสังหาริมทรัพย์และก่อสร้าง,บริการรับเหมาก่อสร้าง,252 อาคารเอสพีอี ทาวเวอร์ ชั้นที่ 14 ถนนพหลโยธิน แขวงสามเสนใน เขตพญาไท กรุงเทพมหานคร,10400,0-2615-1259,0-2615-1258,www.pylon.co.th,
Q-CON,บริษัท ควอลิตี้คอนสตรัคชั่นโปรดัคส์ จำกัด (มหาชน),SET,อสังหาริมทรัพย์และก่อสร้าง,วัสดุก่อสร้าง,"นิคมอุตสาหกรรมบางปะอิน, 144 หมู่ 16 ถนนอุดมสรยุทธ์ ตำบลบางกระสั้น อำเภอบางปะอิน พระนครศรีอยุธยา",13160,"0-3522-1271, 0-3525-9134","0-3521-2270, 0-3522-1273",www.qcon.co.th,
QDC,บริษัท ควอนตัม ดี ซี จำกัด (มหาชน),mai,เกษตรและอุตสาหกรรมอาหาร,-,อาคาร TFD 18 ซอยสาทร 11 แยก 9 แขวงยานนาวา เขตสาทร กรุงเทพมหานคร,10120,0-2286-9959,-,https://qdc-th.listedcompany.com/home.html/page/home,
QH,บริษัท ควอลิตี้เฮ้าส์ จำกัด (มหาชน),SET,อสังหาริมทรัพย์และก่อสร้าง,พัฒนาอสังหาริมทรัพย์,"อาคารคิวเฮ้าส์ ลุมพินี ชั้น 7, 1 ถนนสาทรใต้ แขวงทุ่งมหาเมฆ เขตสาทร กรุงเทพมหานคร",10120,"0-2343-8888, 0-2677-7000",-,www.qh.co.th,
QHBREIT,ทรัสต์เพื่อการลงทุนในสิทธิการเช่าอสังหาริมทรัพย์ ควอลิตี้ เฮ้าส์ บิสซิเนส คอมเพล็กซ์,SET,อสังหาริมทรัพย์และก่อสร้าง,กองทุนรวมอสังหาริมทรัพย์และกองทรัสต์เพื่อการลงทุนในอสังหาริมทรัพย์,เลขที่ 1 อาคารคิวเฮ้าส์ ลุมพินี ชั้น 14 ถนนสาทรใต้ แขวงทุ่งมหาเมฆ เขตสาทร กรุงเทพมหานคร,10120,0-2286-3484,0-2286-3585,-,
QHHRREIT,ทรัสต์เพื่อการลงทุนในอสังหาริมทรัพย์และสิทธิการเช่า ควอลิตี้ เฮ้าส์ โฮเทล แอนด์ เรซิเดนซ์,SET,อสังหาริมทรัพย์และก่อสร้าง,กองทุนรวมอสังหาริมทรัพย์และกองทรัสต์เพื่อการลงทุนในอสังหาริมทรัพย์,เลขที่ 1 อาคารคิวเฮ้าส์ ลุมพินี ชั้น 14 ถนนสาทรใต้ แขวงทุ่งมหาเมฆ เขตสาทร กรุงเทพมหานคร,10120,0-2286-3484,0-2286-3585,http://www.lhfund.co.th,
QHOP,กองทุนรวมสิทธิการเช่าอสังหาริมทรัพย์ควอลิตี้ ฮอสพิทอลลิตี้,SET,อสังหาริมทรัพย์และก่อสร้าง,กองทุนรวมอสังหาริมทรัพย์และกองทรัสต์เพื่อการลงทุนในอสังหาริมทรัพย์,"ชั้น 23A, 25 อาคารเอเซียเซ็นเตอร์ เลขที่ 173/27-30, 32-33 ถนนสาทรใต้ แขวงทุ่งมหาเมฆ เขตสาทร กรุงเทพมหานคร",10120,0-2786-2000,0-2786-2370-74,-,
QLT,บริษัท ควอลลีเทค จำกัด (มหาชน),mai,บริการ,-,21/3 ถนนบ้านพลง ตำบลมาบตาพุต อำเภอเมือง ระยอง,21150,0-3869-1408-10,0-3869-2028,www.qualitechplc.com,
QTC,บริษัท คิวทีซี เอนเนอร์ยี่ จำกัด (มหาชน),SET,สินค้าอุตสาหกรรม,วัสดุอุตสาหกรรมและเครื่องจักร,เลขที่ 2/2 ซ. กรุงเทพกรีฑา 8 แยก 5 แขวงหัวหมาก เขตบางกะปิ กรุงเทพมหานคร,10240,0-2379-3089-92,0-2379-3097,www.qtc-energy.com,
QTCG,บริษัท คิวทีซีจี จำกัด (มหาชน),mai,อสังหาริมทรัพย์และก่อสร้าง,-,เลขที่ 42 ซอยรามคำแหง 187 แยก 2 แขวงมีนบุรี เขตมีนบุรี กรุงเทพมหานคร,10510,02-917-5888,-,www.qtcg.co.th,
RABBIT,บริษัท แรบบิท โฮลดิ้งส์ จำกัด (มหาชน),SET,อสังหาริมทรัพย์และก่อสร้าง,พัฒนาอสังหาริมทรัพย์,เลขที่ 1000/9 อาคารบีทีเอส วิชันนารี ปาร์ค - เซาธ์ ทาวเวอร์ ห้องเลขที่ 2404-2407 ชั้นที่ 24 ถนนพหลโยธิน แขวงจอมพล เขตจตุจักร กรุงเทพมหานคร,10900,0-2027-8778,0-2273-8858,www.rabbitholdings.co.th,
RAM,บริษัท โรงพยาบาลรามคำแหง จำกัด (มหาชน),SET,บริการ,การแพทย์,436 ถนนรามคำแหง แขวงหัวหมาก เขตบางกะปิ กรุงเทพมหานคร,10240,0-2743-9999,0-2374-0804,www.ram-hosp.co.th,
RATCH,บริษัท ราช กรุ๊ป จำกัด (มหาชน),SET,ทรัพยากร,พลังงานและสาธารณูปโภค,72 ถนนงามวงศ์วาน ตำบลบางเขน อำเภอเมืองนนทบุรี นนทบุรี,11000,0-2794-9999,0-2794-9998,www.ratch.co.th,
RBF,บริษัท อาร์ แอนด์ บี ฟู้ด ซัพพลาย จำกัด (มหาชน),SET,เกษตรและอุตสาหกรรมอาหาร,อาหารและเครื่องดื่ม,เลขที่ 9 ซอยโพธิ์แก้ว 3 แยก 17 แขวงคลองจั่น เขตบางกะปิ กรุงเทพมหานคร,10240,0-2946-6813-18,-,https://www.rbfoodsupply.co.th,
RCL,บริษัท อาร์ ซี แอล จำกัด (มหาชน),SET,บริการ,ขนส่งและโลจิสติกส์,"อาคารปัญจธานีทาวเวอร์ ชั้น 30, 127/35 ถนนรัชดาภิเษก แขวงช่องนนทรี เขตยานนาวา กรุงเทพมหานคร",10120,"0-2296-1096, 0-2296-1093",0-2296-1098,http://www.rclgroup.com,
READY,บริษัท เรดดี้แพลนเน็ต จำกัด (มหาชน),mai,เทคโนโลยี,-,เลขที่ 51 อาคารเมเจอร์ ทาวเวอร์ พระราม 9 - รามคำแหง ชั้น 17 ห้อง 1701-1706 ถนนพระราม 9 แขวงหัวหมาก เขตบางกะปิ กรุงเทพมหานคร,10240,0-2016-6789,0-2016-6901,www.readyplanet.com,
RICHY,บริษัท ริชี่ เพลซ 2002 จำกัด (มหาชน),SET,อสังหาริมทรัพย์และก่อสร้าง,พัฒนาอสังหาริมทรัพย์,เลขที่ 667/15 อาคารอรรถบูรณ์ ชั้น 7 ถนนจรัญสนิทวงศ์ แขวงอรุณอมรินทร์ เขตบางกอกน้อย กรุงเทพมหานคร,10700,0-2886-1817,0-2886-1060,www.richy.co.th,
RJH,บริษัท โรงพยาบาลราชธานี จำกัด (มหาชน),SET,บริการ,การแพทย์,เลขที่ 111 หมู่ที่ 3 ถนนโรจนะ ตำบลคลองสวนพลู อำเภอพระนครศรีอยุธยา พระนครศรีอยุธยา,13000,0-3533-5555-71,0-3533-5555 ext 878,www.rajthanee.com,
RML,บริษัท ไรมอน แลนด์ จำกัด (มหาชน),SET,อสังหาริมทรัพย์และก่อสร้าง,พัฒนาอสังหาริมทรัพย์,เลขที่ 548 อาคาร วัน ซิตี้ เซ็นเตอร์ ชั้นที่ 54 ถนนเพลินจิต แขวงลุมพินี เขตปทุมวัน กรุงเทพมหานคร,10330,0-2029-1889,0-2029-1891,www.raimonland.com,
ROCK,บริษัท ร้อกเวิธ จำกัด (มหาชน),SET,สินค้าอุปโภคบริโภค,ของใช้ในครัวเรือนและสำนักงาน,"294-300 ถนนอโศก-ดินแดง แขวงบางกะปิ, เขตห้วยขวาง กรุงเทพมหานคร",10310,0-2123-8888,-,www.rockworth.com,
ROCTEC,บริษัท ร็อคเทค โกลบอล จำกัด (มหาชน),SET,เทคโนโลยี,เทคโนโลยีสารสนเทศและการสื่อสาร,เลขที่ 1000/9 อาคาร บีทีเอส วิชันนารี ปาร์ค - เซาธ์ทาวเวอร์ ห้องเลขที่ 1801 - 1807 ชั้นที่ 18 ถนนพหลโยธิน แขวงจอมพล เขตจตุจักร กรุงเทพมหานคร,10900,0-2938-3388,0-2938-3489,https://www.roctecglobal.co.th,
ROH,บริษัท โรงแรมรอยัล ออคิด (ประเทศไทย) จำกัด (มหาชน),SET,บริการ,การท่องเที่ยวและสันทนาการ,2 ตรอกกัปตันบุช ถนนเจริญกรุง แขวงบางรัก เขตบางรัก กรุงเทพมหานคร,10500,0-2266-0123,0-2236-6646,www.royalorchidsheraton.com,
ROJNA,บริษัท สวนอุตสาหกรรมโรจนะ จำกัด (มหาชน),SET,อสังหาริมทรัพย์และก่อสร้าง,พัฒนาอสังหาริมทรัพย์,เลขที่ 2034/115 ชั้น 26 อาคารอิตัลไทย ทาวเวอร์ ถนนเพชรบุรีตัดใหม่ แขวงบางกะปิ เขตห้วยขวาง กรุงเทพมหานคร,10310,0-2716-1750-7,0-2716-1758-9,www.rojana.com,
RP,บริษัท ท่าเรือราชาเฟอร์รี่ จำกัด (มหาชน),mai,บริการ,-,25/1 หมู่ 8 ถนนมิตรภาพ ตำบลดอนสัก อำเภอดอนสัก สุราษฎร์ธานี,84220,"0-7737-2800-2, 0-2277-4488","0-7737-2804, 0-2277-8521",http://www.rajaferryport.com,
RPC,บริษัท อาร์พีซีจี จำกัด (มหาชน),SET,ทรัพยากร,พลังงานและสาธารณูปโภค,เลขที่ 86/2 อาคารสัมมากรเพลส ถนนรามคำแหง แขวงสะพานสูง เขตสะพานสูง กรุงเทพมหานคร,10240,0-2372-3600,0-2372-3327,www.rpcthai.com,
RPH,บริษัท โรงพยาบาลราชพฤกษ์ จำกัด (มหาชน),SET,บริการ,การแพทย์,บ้านเลขที่ 456 หมูที่ 14 ถนนมิตรภาพ ตำบลในเมือง อำเภอเมืองขอนแก่น ขอนแก่น,40000,0-4333-3555,-,http://www.rph.co.th,
RS,บริษัท อาร์เอส จำกัด (มหาชน),SET,บริการ,พาณิชย์,เลขที่ 27 อาคารอาร์เอสกรุ๊ป ทาวเวอร์ เอ ถนนประเสริฐมนูกิจ แขวงเสนานิคม เขตจตุจักร กรุงเทพมหานคร,10900,0-2037-8888,-,http://www.rs.co.th,
RSP,บริษัท ริช สปอร์ต จำกัด (มหาชน),SET,บริการ,พาณิชย์,1152 อาคารปัน ชั้น 18 ห้องเลขที่ 1801 - 1805 และ 1808 ถนนพระรามที่ 4 แขวงคลองเตย เขตคลองเตย กรุงเทพมหานคร,10110,0-2249-8709,0-2249-8711,www.richsport.co.th,
RT,บริษัท ไร้ท์ทันเน็ลลิ่ง จำกัด (มหาชน),SET,อสังหาริมทรัพย์และก่อสร้าง,บริการรับเหมาก่อสร้าง,เลขที่ 292 หมู่ 4 ถนนบางนา-ตราด (กม. 26) ตำบลบางบ่อ อำเภอบางบ่อ สมุทรปราการ,10560,0-2313-4848,"0-2313-4849, 4787",https://www.rtco.co.th/,
RWI,บริษัท ระยองไวร์ อินดัสตรีส์ จำกัด (มหาชน),mai,สินค้าอุตสาหกรรม,-,"นิคมอุตสาหกรรมมาบตาพุด เลขที่ 5 ถนนไอ-ห้า, ตำบลมาบตาพุด อำเภอเมืองระยอง ระยอง",21150,0-3868-4522-7,0-3868-4490,www.rwi.co.th,
S,บริษัท สิงห์ เอสเตท จำกัด (มหาชน),SET,อสังหาริมทรัพย์และก่อสร้าง,พัฒนาอสังหาริมทรัพย์,เลขที่ 123 อาคารซันทาวเวอร์ส บี ชั้นที่ 40 ถนนวิภาวดีรังสิต แขวงจอมพล เขตจตุจักร กรุงเทพมหานคร,10900,0-2050-5555,0-2617-6444-5,http://www.singhaestate.co.th,
S&J,บ.เอส แอนด์ เจ อินเตอร์เนชั่นแนล เอนเตอร์ไพรส์ จำกัด (มหาชน),SET,สินค้าอุปโภคบริโภค,ของใช้ส่วนตัวและเวชภัณฑ์,เลขที่ 549/2 ถนนสาธุประดิษฐ์ แขวงช่องนนทรี เขตยานนาวา กรุงเทพมหานคร,10120,0-2676-2727,0-2676-2726,www.snjinter.com,
S11,บริษัท เอส 11 กรุ๊ป จำกัด (มหาชน),SET,ธุรกิจการเงิน,เงินทุนและหลักทรัพย์,888 ซอยจตุโชติ 10 ถนนจตุโชติ แขวงออเงิน เขตสายไหม กรุงเทพมหานคร,10220,"0-2790-0888 , 0-2022-8888",0-2158-7948,http://www.sgroup.co.th,
SA,บริษัท ไซมิส แอสเสท จำกัด (มหาชน),SET,อสังหาริมทรัพย์และก่อสร้าง,พัฒนาอสังหาริมทรัพย์,1077/48 ถนนพหลโยธิน แขวงพญาไท เขพญาไท กรุงเทพมหานคร,10400,"0-2617-1555, 1306",0-2617-1591,www.siameseasset.co.th,
SAAM,บริษัท เอสเอเอเอ็ม ดีเวลลอปเมนท์ จำกัด (มหาชน),mai,ทรัพยากร,-,เลขที่ 141 อาคารเมเจอร์ ทาวเวอร์ ทองหล่อ ชั้น 10 ห้อง 2.2 ซอยสุขุมวิท 63 (เอกมัย) ถนนสุขุมวิท แขวงคลองตันเหนือ เขตวัฒนา กรุงเทพมหานคร,10110,0-2096-1936-7 Ext. 105,0-2096-1936-7 Ext. 111,www.saam.co.th,
SABINA,บริษัท ซาบีน่า จำกัด (มหาชน),SET,สินค้าอุปโภคบริโภค,แฟชั่น,177 หมู่ 8 ตำบลวังไก่เถื่อน อำเภอหันคา ชัยนาท,17130,"0-5643-7156-8, 0-2422-9400","0-5643-7159, 0-2434-5911",www.sabina.co.th,
SAF,บริษัท เอส.เอ.เอฟ. สเปเชียล สตีล จำกัด (มหาชน),mai,สินค้าอุตสาหกรรม,-,110 ซอยเทียนทะเล 24 ถนนบางขุนเทียนชายทะเล แขวงท่าข้าม เขตบางขุนเทียน กรุงเทพมหานคร,10150,0-2897-4800-3,0-2897-4805,https://www.saf.co.th/,
SAFE,บริษัท เซฟ เฟอร์ทิลิตี้ กรุ๊ป จำกัด (มหาชน),SET,บริการ,การแพทย์,496-502 อาคารอัมรินทร์ พลาซ่าชั้น 17 ถนนเพลินจิต เขตปทุมวัน กรุงเทพมหานคร,10330,0-2252-3833,0-2252-3833,www.safefertilitygroup.com,
SAK,บริษัท ศักดิ์สยามลิสซิ่ง จำกัด (มหาชน),SET,ธุรกิจการเงิน,เงินทุนและหลักทรัพย์,49/47 ถนนเจษฎาบดินทร์ ตำบลท่าอิฐ อำเภอเมืองอุตรดิตถ์ อุตรดิตถ์,53000,0-5544-4495,0-5544-0371,www.saksiam.com,
SALEE,บริษัท สาลี่อุตสาหกรรม จำกัด (มหาชน),mai,สินค้าอุตสาหกรรม,-,18 หมู่ 10 ตำบลคลองสี่ อำเภอคลองหลวง ปทุมธานี,12120,0-2529-5968-99,0-2529-5958-59,www.saleeind.com,
SAM,บริษัท สามชัย สตีล อินดัสทรี จำกัด (มหาชน),SET,สินค้าอุตสาหกรรม,เหล็ก และ ผลิตภัณฑ์โลหะ,"75/14,75/17, 85 หมู่ 5 ซอยวัดโสภณาราม ถนนเอกชัย ตำบลโคกขาม อำเภอเมือง สมุทรสาคร",74000,0-3483-3891-3,0-3483-3895,www.samchaisteel.com,
SAMART,บริษัท สามารถคอร์ปอเรชั่น จำกัด (มหาชน),SET,เทคโนโลยี,เทคโนโลยีสารสนเทศและการสื่อสาร,"อาคารซอฟต์แวร์ปาร์ค ชั้น 35, 99/1 หมู่ 4 ถนนแจ้งวัฒนะ ตำบลคลองเกลือ อำเภอปากเกร็ด นนทบุรี",11120,"0-2502-6000, 0-2975-5777",0-2502-6186,www.samartcorp.com,
SAMCO,บริษัท สัมมากร จำกัด (มหาชน),SET,อสังหาริมทรัพย์และก่อสร้าง,พัฒนาอสังหาริมทรัพย์,เลขที่ 188 อาคารสปริง ทาวเวอร์ ชั้น 21 ถนนพญาไท แขวงทุ่งพญาไท เขตราชเทวี กรุงเทพมหานคร,10400,0-2106-8300,-,www.sammakorn.co.th,
SAMTEL,บริษัท สามารถเทลคอม จำกัด (มหาชน),SET,เทคโนโลยี,เทคโนโลยีสารสนเทศและการสื่อสาร,"อาคารซอฟต์แวร์ปาร์ค ชั้น 29, 99/7 หมู่ที่ 4 ถนนแจ้งวัฒนะ ตำบลคลองเกลือ อำเภอปากเกร็ด นนทบุรี",11120,0-2502-6000,0-2583-8696,www.samtel.com,
SANKO,บริษัท ซังโกะ ไดคาซติ้ง (ประเทศไทย) จำกัด (มหาชน),mai,สินค้าอุตสาหกรรม,-,3/14 หมู่ 2 สวนอุตสาหกรรมโรจนะ ตำบลหนองบัว อำเภอบ้านค่าย ระยอง,21120,"0-3301-0701-5, 0-2597-9780-2",0-3301-0706-8,www.sankothai.net,
SAPPE,บริษัท เซ็ปเป้ จำกัด (มหาชน),SET,เกษตรและอุตสาหกรรมอาหาร,อาหารและเครื่องดื่ม,เลขที่ 9/3 นิคมอุตสาหกรรมบางชัน ซอยเสรีไทย 56 ถนนเสรีไทย แขวงคันนายาว เขตคันนายาว กรุงเทพมหานคร,10230,0-2319-4949,0-2319-7337,www.sappe.com,
SAT,บริษัท สมบูรณ์ แอ๊ดวานซ์ เทคโนโลยี จำกัด (มหาชน),SET,สินค้าอุตสาหกรรม,ยานยนต์,215 หมู่ที่ 2 ถนนเทพรัตน ตำบลบางโฉลง อำเภอบางพลี สมุทรปราการ,10540,0-2080-8123,0-2080-8268,www.satpcl.co.th,
SAUCE,บริษัท ไทยเทพรส จำกัด (มหาชน),SET,เกษตรและอุตสาหกรรมอาหาร,อาหารและเครื่องดื่ม,208 หมู่ 6 ถนนท้ายบ้าน ตำบลท้ายบ้าน อำเภอเมือง สมุทรปราการ,10280,0-2703-4444,0-2387-1163,www.gmsauce.com,
SAV,บริษัท สามารถ เอวิเอชั่น โซลูชั่นส์ จำกัด (มหาชน),SET,บริการ,ขนส่งและโลจิสติกส์,99/11 หมู่ที่ 4 อาคารซอฟต์แวร์ปาร์ค ชั้น 25 ถนนแจ้งวัฒนะ ตำบลคลองเกลือ อำเภอปากเกร็ด นนทบุรี,11120,0-2502-6000,-,www.samartaviation.com,
SAWAD,บริษัท ศรีสวัสดิ์ คอร์ปอเรชั่น จำกัด (มหาชน),SET,ธุรกิจการเงิน,เงินทุนและหลักทรัพย์,"99/392 อาคารศรีสวัสดิ์ ชั้น 4, 6 ซอยแจ้งวัฒนะ 10 แยก 3 ถนนแจ้งวัฒนะ แขวงทุ่งสองห้อง เขตหลักสี่ กรุงเทพมหานคร",10210,0-2693-5555,0-2573-1565,http://www.meebaanmeerod.com,
SAWANG,บริษัท สว่างเอ็กซ์ปอร์ต จำกัด (มหาชน),SET,สินค้าอุปโภคบริโภค,แฟชั่น,"307-307/1-4, 56, 305 ถนนสุรวงศ์ แขวงสุริยวงศ์ เขตบางรัก กรุงเทพมหานคร",10500,"0-2266-5571, 0-2266-4422","0-2236-5271, 0-2237-7824",-,
SC,บริษัท เอสซี แอสเสท คอร์ปอเรชั่น จำกัด (มหาชน),SET,อสังหาริมทรัพย์และก่อสร้าง,พัฒนาอสังหาริมทรัพย์,1010 ถนนวิภาวดีรังสิต แขวงจตุจักร เขตจตุจักร กรุงเทพมหานคร,10900,0-2949-2000,0-2949-2134,www.scasset.com,
SCAP,บริษัท ศรีสวัสดิ์ แคปปิตอล 1969 จำกัด (มหาชน),SET,ธุรกิจการเงิน,เงินทุนและหลักทรัพย์,"99/392 อาคารศรีสวัสดิ์ ชั้น 1,5,6 ซอยแจ้งวัฒนะ 10 แยก 3 ถนนแจ้งวัฒนะ แขวงทุ่งสองห้อง เขตหลักสี่ กรุงเทพมหานคร",10210,0-2073-0677,0-2073-0670,www.srisawadcapital.co.th,
SCB,บริษัท เอสซีบี เอกซ์ จำกัด (มหาชน),SET,ธุรกิจการเงิน,ธนาคาร,9 ถนนรัชดาภิเษก เขตจตุจักร กรุงเทพมหานคร,10900,0-2180-8155,0-2937-7931,www.scbx.com,
SCC,บริษัท ปูนซิเมนต์ไทย จำกัด (มหาชน),SET,อสังหาริมทรัพย์และก่อสร้าง,วัสดุก่อสร้าง,1 ถนนปูนซิเมนต์ไทย แขวงบางซื่อ เขตบางซื่อ กรุงเทพมหานคร,10800,"0-2586-3333, 0-2586-4444","0-2587-2199, 0-2587-2201",www.scg.com,
SCCC,บริษัท ปูนซีเมนต์นครหลวง จำกัด (มหาชน),SET,อสังหาริมทรัพย์และก่อสร้าง,วัสดุก่อสร้าง,"ชั้น 3, 10, 12 อาคารคอลัมน์ทาวเวอร์ เลขที่ 199 ถนนรัชดาภิเษก แขวงคลองเตย เขตคลองเตย กรุงเทพมหานคร",10110,0-2797-7000,0-2797-7001-2,http://www.siamcitycement.com,
SCG,บริษัท ราชพัฒนา เอ็นเนอร์ยี จำกัด (มหาชน),SET,ทรัพยากร,พลังงานและสาธารณูปโภค,636 หมู่ 11 ถนนสุขาภิบาล 8 ตำบลหนองขาม อำเภอศรีราชา ชลบุรี,20230,0-3848-1555,0-3848-1551,https://www.ratchpathana.com,
SCGD,บริษัท เอสซีจี เดคคอร์ จำกัด (มหาชน),SET,อสังหาริมทรัพย์และก่อสร้าง,วัสดุก่อสร้าง,1 ถนนปูนซิเมนต์ไทย แขวงบางซื่อ เขตบางซื่อ กรุงเทพมหานคร,10800,"0-2586-3333,0-2586-5474",-,www.scgdecor.com,
SCGP,บริษัท เอสซีจี แพคเกจจิ้ง จำกัด (มหาชน),SET,สินค้าอุตสาหกรรม,บรรจุภัณฑ์,เลขที่ 1 ถนนปูนซิเมนต์ไทย แขวงบางซื่อ เขตบางซื่อ กรุงเทพมหานคร,10800,0-2586-2894,0-2586-3007,www.scgpackaging.com,
SCI,บริษัท เอสซีไอ อีเลคตริค จำกัด (มหาชน),SET,สินค้าอุตสาหกรรม,วัสดุอุตสาหกรรมและเครื่องจักร,107/1 หมู่ที่ 1 ถนนบางนา-ตราด กม.27 ตำบลบางเพรียง อำเภอบางบ่อ สมุทรปราการ,10560,0-2338-1414-9,0-2708-0326-7,http://www.sci-mfgr.com,
SCL,บริษัท เอส.ซี.แอล.มอเตอร์ พาร์ท จำกัด (มหาชน),mai,สินค้าอุตสาหกรรม,-,58-60-62-64 ถนนเฉลิมเขตร์ 3 แขวงวัดเทพศิรินทร์ เขตป้อมปราบศัตรูพ่าย กรุงเทพมหานคร,10100,0-2226-1909,0-2224-4122,https://www.sclmotorpart.com,
SCM,บริษัท ซัคเซสมอร์ บีอิ้งค์ จำกัด (มหาชน),SET,บริการ,พาณิชย์,เลขที่ 10/1-2 ถนนรัชดาภิเษก แขวงจตุจักร เขตจตุจักร กรุงเทพมหานคร,10900,0-2511-5955,0-2511-5944,http://www.successmore.com,
SCN,บริษัท สแกน อินเตอร์ จำกัด (มหาชน),SET,ทรัพยากร,พลังงานและสาธารณูปโภค,355 ถนนบอนด์สตรีท ตำบลบางพูด อำเภอปากเกร็ด นนทบุรี,11120,0-2503-4116-21,0-2503-4400,www.scan-inter.com,
SCP,บริษัท ทักษิณคอนกรีต จำกัด (มหาชน),SET,อสังหาริมทรัพย์และก่อสร้าง,วัสดุก่อสร้าง,"อาคารเอส เอส พี ทาวเวอร์ ชั้น 17, 555 ถนนสุขุมวิท 63 แขวงคลองตันเหนือ เขตวัฒนา กรุงเทพมหานคร",10110,0-2711-5134,0-2382-0351-2,www.scp.co.th,
SDC,บริษัท สามารถ ดิจิตอล จำกัด (มหาชน),SET,เทคโนโลยี,เทคโนโลยีสารสนเทศและการสื่อสาร,เลขที่ 99/2 หมู่ 4 อาคารซอฟต์แวร์ปาร์ค ชั้น 34 ถนนแจ้งวัฒนะ ตำบลคลองเกลือ อำเภอปากเกร็ด นนทบุรี,11120,0-2502-6000,0-2502-6900,www.samartdigital.com,
SE,บริษัท สยามอีสต์ โซลูชั่น จำกัด (มหาชน),SET,สินค้าอุตสาหกรรม,วัสดุอุตสาหกรรมและเครื่องจักร,15/1 ถนนทางหลวงระยองสาย 3191 ตำบลห้วยโป่ง อำเภอเมืองระยอง ระยอง,21150,0-3868-2540,0-3868-2539,www.siameastsolutions.com,
SEAFCO,บริษัท ซีฟโก้ จำกัด (มหาชน),SET,อสังหาริมทรัพย์และก่อสร้าง,บริการรับเหมาก่อสร้าง,144 ถนนพระยาสุเรนทร์ แขวงบางชัน เขตคลองสามวา กรุงเทพมหานคร,10510,"0-2919-3354-6, 0-2919-0090-7","0-2919-0098, 0-2518-3088",http://seafco.co.th,
SEAOIL,บริษัท ซีออยล์ จำกัด (มหาชน),SET,ทรัพยากร,พลังงานและสาธารณูปโภค,88 ซอยบางนา - ตราด 30 ถนนเทพรัตน แขวงบางนาใต้ เขตบางนา กรุงเทพมหานคร,10260,0-2398-9850-1,0-2398-9852,www.seaoilthailand.com,
SECURE,บริษัท เอ็นฟอร์ซ ซีเคียว จำกัด (มหาชน),mai,เทคโนโลยี,-,9/2 โครงการเดอะซินโครไนซ์ ซอยรัชดาภิเษก 18 ถนนรัชดาภิเษก แขวงห้วยขวาง เขตห้วยขวาง กรุงเทพมหานคร,10310,0-2274-0984,-,www.nforcesecure.com,
SE-ED,บริษัท ซีเอ็ดยูเคชั่น จำกัด (มหาชน),SET,บริการ,สื่อและสิ่งพิมพ์,เลขที่ 1858/87-90 ถนนเทพรัตน แขวงบางนาใต้ เขตบางนา กรุงเทพมหานคร,10260,0-2826-8000,0-2826-8999,www.se-ed.com,
SEI,บริษัท เอสอีไอ เมดิคัล จำกัด (มหาชน),mai,สินค้าอุปโภคบริโภค,-,เลขที่ 546 อาคารรัชดาวัน ชั้น 7 ถนนรัชดาภิเษก แขวงจันทรเกษม เขตจตุจักร กรุงเทพมหานคร,10900,0-2561-3691-3,0-2561-3694,www.sei.co.th,
SELIC,บริษัท ซีลิค คอร์พ จำกัด (มหาชน),SET,สินค้าอุตสาหกรรม,วัสดุอุตสาหกรรมและเครื่องจักร,เลขที่ 270 ถนนเลียบคลองภาษีเจริญฝั่งใต้ แขวงหนองแขม เขตหนองแขม กรุงเทพมหานคร,10160,0-2807-3347-9,0-2807-9453,http://seliccorp.com/,
SENA,บริษัท เสนาดีเวลลอปเม้นท์ จำกัด (มหาชน),SET,อสังหาริมทรัพย์และก่อสร้าง,พัฒนาอสังหาริมทรัพย์,เลขที่ 448 อาคาร ธัญลักษณ์ภาคย์ ถนนรัชดาภิเษก ซอยรัชดาภิเษก 26 แขวงสามเสนนอก เขตห้วยขวาง กรุงเทพมหานคร,10310,02-541-4642,02-541-5164,www.sena.co.th,
SENX,บริษัท เซ็น เอกซ์ จำกัด (มหาชน),mai,อสังหาริมทรัพย์และก่อสร้าง,-,เลขที่ 542 อาคารศูนย์การค้าเสนาเฟสท์ ชั้น 1 ถนนเจริญนคร แขวงคลองต้นไทร เขตคลองสาน กรุงเทพมหานคร,10600,0-2897-8888,0-2897-8822,http://www.senxgroup.com,
SFLEX,บริษัท สตาร์เฟล็กซ์ จำกัด (มหาชน),SET,สินค้าอุตสาหกรรม,บรรจุภัณฑ์,189/48-49 หมู่ที่ 3 ตำบลบางเพรียง อำเภอบางบ่อ สมุทรปราการ,10560,0-2708-2555,0-2708-2355,www.starflex.co.th,
SFT,บริษัท ชริ้งเฟล็กซ์ (ประเทศไทย) จำกัด (มหาชน),mai,สินค้าอุตสาหกรรม,-,เลขที่ 88/8 หมู่ 12 ตำบลบางปะกง อำเภอบางปะกง ฉะเชิงเทรา,24130,0-3808-6483,-,www.shrinkflexthailand.com,
SGC,บริษัท เอสจี แคปปิตอล จำกัด (มหาชน),SET,ธุรกิจการเงิน,เงินทุนและหลักทรัพย์,อาคารโทรคมนาคม บางรัก ชั้น 20 เลขที่ 72 ถนนเจริญกรุง แขวงบางรัก เขตบางรัก กรุงเทพมหานคร,10500,0-2028-2828,-,www.sgcapital.co.th,
SGF,บริษัท เอสจีเอฟ แคปปิตอล จำกัด (มหาชน),mai,ธุรกิจการเงิน,-,89/1 ชั้น 3 อาคารเกษมทรัพย์ ถนนวิภาวดีรังสิต แขวงจอมพล เขตจตุจักร กรุงเทพมหานคร,10900,0-2232-1789,0-2232-1790,www.sgfcap.com,
SGP,บริษัท สยามแก๊ส แอนด์ ปิโตรเคมีคัลส์ จำกัด (มหาชน),SET,ทรัพยากร,พลังงานและสาธารณูปโภค,553 อาคารเดอะพาลาเดียม อาคาร A ชั้น 30 ถนนราชปรารภ แขวงมักกะสัน เขตราชเทวี กรุงเทพมหานคร,10400,0-2120-9999,0-2250-6008,www.siamgas.com,
SHANG,บริษัท แชงกรี-ลา โฮเต็ล จำกัด (มหาชน),SET,บริการ,การท่องเที่ยวและสันทนาการ,89 ซอยวัดสวนพลู ถนนเจริญกรุง แขวงบางรัก เขตบางรัก กรุงเทพมหานคร,10500,0-2236-7777,0-2236-8579,www.shangri-la.com,
SHR,บริษัท เอส โฮเทล แอนด์ รีสอร์ท จำกัด (มหาชน),SET,บริการ,การท่องเที่ยวและสันทนาการ,123 อาคารซันทาวเวอร์ส บี ชั้น 10 ถนนวิภาวดีรังสิต แขวงจอมพล เขตจตุจักร กรุงเทพมหานคร,10900,0-2617-6467,-,http://www.shotelsresorts.com,
SIAM,บริษัท สยามสตีลอินเตอร์เนชั่นแนล จำกัด (มหาชน),SET,สินค้าอุปโภคบริโภค,ของใช้ในครัวเรือนและสำนักงาน,51 หมู่ 2 ถนนปู่เจ้าสมิงพราย ตำบลบางหญ้าแพรก อำเภอพระประแดง สมุทรปราการ,10130,"0-2384-2876, 0-2384-3000, 0-2384-3040",0-2384-2330,http://www.siamsteel.com,
SICT,บริษัท ซิลิคอน คราฟท์ เทคโนโลยี จำกัด (มหาชน),mai,เทคโนโลยี,-,40 ถนนเทศบาลรังสรรค์เหนือ แขวงลาดยาว เขตจตุจักร กรุงเทพมหานคร,10900,0-2589-9991,0-2589-8881,www.sic.co.th,
SIMAT,บริษัท ไซแมท เทคโนโลยี จำกัด (มหาชน),mai,เทคโนโลยี,-,เลขที่ 123/143-144 ถนนฉลองกรุง แขวงลําปลาทิว เขตลาดกระบัง กรุงเทพมหานคร,10520,0-2326-0999,0-2326-1666,www.simat.co.th,
SINGER,บริษัท ซิงเกอร์ประเทศไทย จำกัด (มหาชน),SET,บริการ,พาณิชย์,"อาคาร กสท โทรคมนาคม ชั้น 17, 72 ถนนเจริญกรุง แขวงบางรัก เขตบางรัก กรุงเทพมหานคร",10500,0-2352-4777,0-2352-4799,www.singerthai.co.th,
SINO,บริษัท ไซโน โลจิสติกส์ คอร์ปอเรชั่น จำกัด (มหาชน),SET,บริการ,ขนส่งและโลจิสติกส์,เลขที่ 1011 อาคารศุภาลัย แกรนด์ ทาวเวอร์ ชั้น 7 ยูนิต 05 ถนนพระราม 3 แขวงช่องนนทรี เขตยานนาวา กรุงเทพมหานคร,10120,0-2687-0477,0-2687-0486,www.sinologistics.co.th,
SIRI,บริษัท แสนสิริ จำกัด (มหาชน),SET,อสังหาริมทรัพย์และก่อสร้าง,พัฒนาอสังหาริมทรัพย์,อาคาร สิริ แคมปัส เลขที่ 59 ซอยริมคลองพระโขนง แขวงพระโขนงเหนือ เขตวัฒนา กรุงเทพมหานคร,10110,0-2027-7888,0-2109-5479,http://www.sansiri.com,
SIRIPRT,ทรัสต์เพื่อการลงทุนในอสังหาริมทรัพย์สิริภิญโญ,SET,อสังหาริมทรัพย์และก่อสร้าง,กองทุนรวมอสังหาริมทรัพย์และกองทรัสต์เพื่อการลงทุนในอสังหาริมทรัพย์,เลขที่ 90 หมู่ที่ 1 ซอยสยามไซโล ถนนปู่เจ้าสมิงพราย ตำบลสำโรงกลาง อำเภอพระประแดง สมุทรปราการ,10130,0-2183-4567,-,-,
SIS,บริษัท เอสไอเอส ดิสทริบิวชั่น (ประเทศไทย) จำกัด (มหาชน),SET,เทคโนโลยี,เทคโนโลยีสารสนเทศและการสื่อสาร,เลขที่ 9 อาคารภคินท์ ชั้นที่ 9 ห้องเลขที่ 901 ถนนรัชดาภิเษก แขวงดินแดง เขตดินแดง กรุงเทพมหานคร,10400,0-2020-3000,0-2020-3780,www.sisthai.com,
SISB,บริษัท เอสไอเอสบี จำกัด (มหาชน),SET,บริการ,บริการเฉพาะกิจ,498/12 ซอยรามคำแหง 39 (เทพลีลา 1) แขวงวังทองหลาง เขตวังทองหลาง กรุงเทพมหานคร,10310,0-2158-9072,0-2158-9091,http://www.sisb.ac.th,
SITHAI,บริษัท ศรีไทยซุปเปอร์แวร์ จำกัด (มหาชน),SET,สินค้าอุตสาหกรรม,บรรจุภัณฑ์,15 ถนนสุขสวัสดิ์ ซอย 36 แขวงบางปะกอก เขตราษฎร์บูรณะ กรุงเทพมหานคร,10140,0-2427-0088,"0-2427-7168, 0-2428-4418",www.srithaisuperware.com,
SJWD,บริษัท เอสซีจี เจดับเบิ้ลยูดี โลจิสติกส์ จำกัด (มหาชน),SET,บริการ,ขนส่งและโลจิสติกส์,เลขที่ 36 ถนนกรุงเทพกรีฑา แขวงหัวหมาก เขตบางกะปิ กรุงเทพมหานคร,10240,0-2710-4000,0-2710-4009,www.scgjwd.com,
SK,บริษัท ศิรกร จำกัด (มหาชน),mai,อสังหาริมทรัพย์และก่อสร้าง,-,53/35 หมู่ที่ 8 ตำบลบางกร่าง อำเภอเมืองนนทบุรี นนทบุรี,11000,0-2035-7100-3,0-2035-7104-5,http://www.sirakorn.co.th,
SKE,บริษัท สากล เอนเนอยี จำกัด (มหาชน),SET,ทรัพยากร,พลังงานและสาธารณูปโภค,เลขที่ 15 หมู่ที่ 1 ตำบลเชียงรากน้อย อำเภอสามโคก ปทุมธานี,12160,0-2026-3451,0-2026-3452,www.sakolenergy.com,
SKIN,บริษัท สกิน ลาบอราทอรี่ จำกัด (มหาชน),mai,สินค้าอุปโภคบริโภค,-,เลขที่ 89 หมู่บ้าน/อาคาร คอสโมออฟฟิศ พาร์ค ชั้น 8 ยูนิต P ถนน ถนนป๊อบปูล่า ตำบล/แขวง บ้านใหม่ อำเภอ/เขตปากเกร็ด นนทบุรี,11120,08-3597-9797,-,https://www.skinlabth.com,
SKN,บริษัท ส.กิจชัย เอ็นเตอร์ไพรส์ จำกัด (มหาชน),SET,อสังหาริมทรัพย์และก่อสร้าง,วัสดุก่อสร้าง,99/9 หมู่ที่ 7 ตำบลห้วยยาง อำเภอแกลง ระยอง,21110,0-3892-8188,0-3892-8189,http://www.skn.co.th,
SKR,บริษัท ศิครินทร์ จำกัด (มหาชน),SET,บริการ,การแพทย์,เลขที่ 976 ถนนลาซาล แขวงบางนาใต้ เขตบางนา กรุงเทพมหานคร,10260,-,-,http://www.sikarin.com,
SKY,บริษัท สกาย ไอซีที จำกัด (มหาชน),SET,เทคโนโลยี,เทคโนโลยีสารสนเทศและการสื่อสาร,เลขที่ 55 อาคาร เอ.เอ.แคปปิตอล รัชดา ชั้นที่ 6-7 ถนนรัชดาภิเษก แขวงดินแดง เขตดินแดง กรุงเทพมหานคร,10400,0-2029-7888,0-2029-7879,www.skyict.co.th,
SLP,บริษัท สาลี่ พริ้นท์ติ้ง จำกัด (มหาชน),SET,สินค้าอุตสาหกรรม,บรรจุภัณฑ์,เลขที่ 19 หมู่ที่ 10 ตำบลคลองสี่ อำเภอคลองหลวง ปทุมธานี,12120,0-2529-6000,0-2529-6010-11,www.saleeprinting.com,
SMART,บริษัท สมาร์ทคอนกรีต จำกัด (มหาชน),mai,อสังหาริมทรัพย์และก่อสร้าง,-,11 หมู่ที่ 9 ถนนบ้านบึง-แกลง ตำบลหนองอิรุณ อำเภอบ้านบึง ชลบุรี,20220,0-3844-2500,0-3844-2521,www.smartblock.co.th,
SMD100,บริษัท เอสเอ็มดี ไรส์ จำกัด (มหาชน),mai,สินค้าอุปโภคบริโภค,-,"222, 222/1-2 หมู่ที่ 1 อาคารเวสต์อิน คอมเพล็กซ์ ชั้น 10 ถนนรัตนาธิเบศร์ ตำบลบางรักใหญ่ อำเภอบางบัวทอง นนทบุรี",11110,"0-2527-8075-8, 0-2966-6467-8",0-2966-6471,www.smdrise.com,
SMIT,บริษัท สหมิตรเครื่องกล จำกัด (มหาชน),SET,สินค้าอุตสาหกรรม,เหล็ก และ ผลิตภัณฑ์โลหะ,"42,48 ซอยโชคชัยจงจำเริญ ถนนพระราม 3 แขวงบางโพงพาง เขตยานนาวา กรุงเทพมหานคร",10120,"0-2295-1000-8, 0-2295-1901-9","0-2295-1009, 0-2295-1020",www.sahamit.co.th,
SMO,บริษัท กลุ่มสมอทอง จำกัด (มหาชน),SET,เกษตรและอุตสาหกรรมอาหาร,ธุรกิจการเกษตร,เลขที่ 119/1 หมู่ที่ 10 ตำบล/แขวง ประสงค์ อำเภอ/เขต ท่าชนะ สุราษฎร์ธานี,84170,0-7795-1470,0-7795-1471,www.smothonggroup.com,
SMPC,บริษัท สหมิตรถังแก๊ส จำกัด (มหาชน),SET,สินค้าอุตสาหกรรม,บรรจุภัณฑ์,92 ซอยเทียนทะเล 7 แยก 4 ถนนบางขุนเทียน-ชายทะเล แขวงแสมดำ เขตบางขุนเทียน กรุงเทพมหานคร,10150,"0-2895-4139-58, 0-2416-5568-9","0-2416-5534, 0-2895-4163",www.smpcplc.com,
SMT,บริษัท สตาร์ส ไมโครอิเล็กทรอนิกส์ (ประเทศไทย) จำกัด (มหาชน),SET,เทคโนโลยี,ชิ้นส่วนอิเล็กทรอนิกส์,เลขที่ 586 หมู่ที่ 2 ตำบลคลองจิก อำเภอบางปะอิน พระนครศรีอยุธยา,13160,0-3525-8555,0-3522-1778,www.starsmicro.com,
SNC,บริษัท เอส เอ็น ซี ฟอร์เมอร์ จำกัด (มหาชน),SET,สินค้าอุตสาหกรรม,วัสดุอุตสาหกรรมและเครื่องจักร,เลขที่ 333/3 หมู่ 6 ตำบลบางเพรียง อำเภอบางบ่อ สมุทรปราการ,10560,"0-2108-0360-61,0-2108-0370-72",-,http://www.sncformer.com,
SNNP,บริษัท ศรีนานาพร มาร์เก็ตติ้ง จำกัด (มหาชน),SET,เกษตรและอุตสาหกรรมอาหาร,อาหารและเครื่องดื่ม,325/6-9 ซอยหลานหลวง 7 ถนนหลานหลวง แขวงสี่แยกมหานาค เขตดุสิต กรุงเทพมหานคร,10300,0-2628-0408,0-2281-5161,https://www.snnp.co.th/,
SNP,บริษัท เอส แอนด์ พี ซินดิเคท จำกัด (มหาชน),SET,เกษตรและอุตสาหกรรมอาหาร,อาหารและเครื่องดื่ม,เลขที่ 2034/100-103 อาคารอิตัลไทย ทาวเวอร์ ชั้นที่ 23 ถนนเพชรบุรีตัดใหม่ แขวงบางกะปิ เขตห้วยขวาง กรุงเทพมหานคร,10310,0-2785-4000,0-2785-4040,www.snpfood.com,
SNPS,บริษัท สเปเชี่ยลตี้ เนเชอรัล โปรดักส์ จำกัด (มหาชน),SET,สินค้าอุปโภคบริโภค,ของใช้ส่วนตัวและเวชภัณฑ์,700/364 หมู่ที่ 6 ตำบลหนองไม้แดง อำเภอเมือง ชลบุรี,20000,0-3845-8698,0-3845-8697,www.snpspcl.com,
SO,บริษัท สยามราชธานี จำกัด (มหาชน),SET,บริการ,บริการเฉพาะกิจ,329 หมู่ 10 กุศลส่งสามัคคี ซอย 1 ถนนรถรางสายเก่า ตำบลสำโรง อำเภอพระประแดง สมุทรปราการ,10130,0-2363-9300,0-2363-9377,https://www.siamrajathanee.com/page-for-ir/,
SOLAR,บริษัท โซลาร์ตรอน จำกัด (มหาชน),SET,อสังหาริมทรัพย์และก่อสร้าง,บริการรับเหมาก่อสร้าง,"77/31,32,33 ซอยแจ้งวัฒนะ 15 แยก 2 แขวงทุ่งสองห้อง เขตหลักสี่ กรุงเทพมหานคร",10210,0-2055-9101-3,0-2055-9104,http://www.solartron.co.th,
SONIC,บริษัท โซนิค อินเตอร์เฟรท จำกัด (มหาชน),mai,บริการ,-,79/349-350 ชั้น 1-2 ถนนสาธุประดิษฐ์ แขวงช่องนนทรี เขตยานนาวา กรุงเทพมหานคร,10120,0-2213-2999,0-2213-2533,www.sonic.co.th,
SORKON,บริษัท ส. ขอนแก่นฟู้ดส์ จำกัด (มหาชน),SET,เกษตรและอุตสาหกรรมอาหาร,อาหารและเครื่องดื่ม,259/13 ซอยปรีดี พนมยงค์ 13 ถนนสุขุมวิท 71 (ปรีดี พนมยงค์) แขวงพระโขนงเหนือ เขตวัฒนา กรุงเทพมหานคร,10110,0-2391-1010,0-2391-1792,http://www.sorkon.co.th,
SPA,บริษัท สยามเวลเนสกรุ๊ป จำกัด (มหาชน),SET,บริการ,การท่องเที่ยวและสันทนาการ,"เลขที่ 565,567 อาคาร บี.ยู.เพลส ชั้น 22 ซอยสุทธิพร ถนนประชาสงเคราะห์ แขวงดินแดง เขตดินแดง กรุงเทพมหานคร",10400,0-2641-6619-20,0-2641-6621,http://www.siamwellnessgroup.com,
SPACK,บริษัท เอส. แพ็ค แอนด์ พริ้นท์ จำกัด (มหาชน),SET,สินค้าอุตสาหกรรม,บรรจุภัณฑ์,119 หมู่ 1 ถนนกาญจนวนิช ตำบลท่าข้าม อำเภอหาดใหญ่ สงขลา,90110,0-7426-0602-9,"0-7426-0600-1,0-7444-7128",www.spack.co.th,
SPALI,บริษัท ศุภาลัย จำกัด (มหาชน),SET,อสังหาริมทรัพย์และก่อสร้าง,พัฒนาอสังหาริมทรัพย์,อาคารศุภาลัยแกรนด์ทาวเวอร์ 1011 ถนนพระราม 3 แขวงช่องนนทรี เขตยานนาวา กรุงเทพมหานคร,10120,0-2725-8888,0-2683-2177,http://www.supalai.com,
SPC,บริษัท สหพัฒนพิบูล จำกัด (มหาชน),SET,บริการ,พาณิชย์,2156 ถนนเพชรบุรีตัดใหม่ แขวงบางกะปิ เขตห้วยขวาง กรุงเทพมหานคร,10310,0-2318-0062,0-2319-1678,www.sahapat.co.th,
SPCG,บริษัท เอสพีซีจี จำกัด (มหาชน),SET,ทรัพยากร,พลังงานและสาธารณูปโภค,เลขที่ 1 อาคารแคปปิตอล เวิร์ค เพลส ชั้น 10 ซอยแจ่มจันทร์ แขวงคลองตันเหนือ เขตวัฒนา กรุงเทพมหานคร,10110,0-2011-8100-10,0-2011-8112,www.spcg.co.th,
SPG,บริษัท สยามภัณฑ์กรุ๊ป จำกัด (มหาชน),SET,สินค้าอุตสาหกรรม,ยานยนต์,488 ถนนนครสวรรค์ แขวงสี่แยกมหานาค เขตดุสิต กรุงเทพมหานคร,10300,0-2280-0202-17,0-2280-6305,http://www.siampangroup.com,
SPI,บริษัท สหพัฒนาอินเตอร์โฮลดิ้ง จำกัด (มหาชน),SET,บริการ,พาณิชย์,เลขที่ 989 ถนนพระราม 3 แขวงบางโพงพาง เขตยานนาวา กรุงเทพมหานคร,10120,0-2294-9999,-,www.spi.co.th,
SPRC,บริษัท สตาร์ ปิโตรเลียม รีไฟน์นิ่ง จำกัด (มหาชน),SET,ทรัพยากร,พลังงานและสาธารณูปโภค,เลขที่ 1 ถนนไอ - สามบี ตำบลมาบตาพุด อำเภอเมืองระยอง ระยอง,21150,0-3869-9000,0-3869-9999,www.sprc.co.th,
SPREME,บริษัท สุพรีม ดิสทิบิวชั่น จำกัด (มหาชน),SET,เทคโนโลยี,เทคโนโลยีสารสนเทศและการสื่อสาร,เลขที่ 2/1 ซอยประดิษฐ์มนูธรรม 5 ถนนประดิษฐ์มนูธรรม แขวงท่าแร้ง เขตบางเขน กรุงเทพมหานคร,10230,0-2943-8182,0-2943-8191,www.supreme.co.th,
SPRIME,ทรัสต์เพื่อการลงทุนในสิทธิการเช่าอสังหาริมทรัพย์ เอส ไพรม์ โกรท,SET,อสังหาริมทรัพย์และก่อสร้าง,กองทุนรวมอสังหาริมทรัพย์และกองทรัสต์เพื่อการลงทุนในอสังหาริมทรัพย์,เลขที่ 123 อาคารซันทาวเวอร์ส บี ชั้น 37 ถนนวิภาวดีรังสิต แขวงจอมพล เขตจตุจักร กรุงเทพมหานคร,10900,"0-2617-6465,0-2050-5555-259",-,-,
SPVI,บริษัท เอส พี วี ไอ จำกัด (มหาชน),mai,เทคโนโลยี,-,"เลขที่ 2 อาคารพรีเมียร์เพลช ชั้น 1 โซน A, 3 โซน A, โซน B ซอยพรีเมียร์ 2 ถนนศรีนครินทร์ แขวงหนองบอน เขตประเวศ กรุงเทพมหานคร",10250,0-2559-2901-10,0-2559-2488,http://www.spvi.co.th,
SQ,บริษัท สหกลอิควิปเมนท์ จำกัด (มหาชน),SET,อสังหาริมทรัพย์และก่อสร้าง,บริการรับเหมาก่อสร้าง,เลขที่ 47/10 ซอยอมรพันธ์ 4 ถนนวิภาวดีรังสิต แขวงลาดยาว เขตจตุจักร กรุงเทพมหานคร,10900,0-2941-0888,0-2941-0881,www.sahakol.com,
SR,บริษัท สยามราช จำกัด (มหาชน),mai,ทรัพยากร,-,289/9 ม.10 ถ.รถรางสายเก่า ตำบลสำโรง อำเภอพระประแดง สมุทรปราการ,10130,0-2743-5010-25,0-2743-5007-8,www.siamrajplc.com,
SRICHA,บริษัท ศรีราชาคอนสตรัคชั่น จำกัด (มหาชน),SET,อสังหาริมทรัพย์และก่อสร้าง,บริการรับเหมาก่อสร้าง,เลขที่ 97 หมู่ที่ 3 ตำบลสุรศักดิ์ อำเภอศรีราชา ชลบุรี,20110,0-3831-7555,0-3831-7577,www.sricha.com,
SRIPANWA,ทรัสต์เพื่อการลงทุนในอสังหาริมทรัพย์โรงแรมศรีพันวา,SET,อสังหาริมทรัพย์และก่อสร้าง,กองทุนรวมอสังหาริมทรัพย์และกองทรัสต์เพื่อการลงทุนในอสังหาริมทรัพย์,เลขที่ 2922/198 อาคารชาญอิสสระทาวเวอร์ 2 ชั้น 10 ถนนเพชรบุรีตัดใหม่ แขวงบางกะปิ เขตห้วยขวาง กรุงเทพมหานคร,10310,0-2308-2022,0-2308-2022,www.cireit.com,
SRS,บริษัท สิริซอฟต์ จำกัด (มหาชน),mai,เทคโนโลยี,-,89 อาคารเอไอเอ แคปปิตอล เซ็นเตอร์ ชั้น 15 ถนนรัชดาภิเษก แขวงดินแดง เขตดินแดง กรุงเทพมหานคร,10400,"0-2006-5397,0-2006-3098",-,https://www.sirisoft.co.th/,
SSF,บริษัท สุรพลฟู้ดส์ จำกัด (มหาชน),SET,เกษตรและอุตสาหกรรมอาหาร,อาหารและเครื่องดื่ม,247 หมู่ 1 ถนนเทพารักษ์ ตำบลเทพารักษ์ อำเภอเมือง สมุทรปราการ,10270,0-2385-3038-54,"0-2385-3176, 0-2385-3179",www.surapon.com,
SSP,บริษัท เสริมสร้าง พาวเวอร์ คอร์ปอเรชั่น จำกัด (มหาชน),SET,ทรัพยากร,พลังงานและสาธารณูปโภค,325/14 ถนนหลานหลวง แขวงสี่แยกมหานาค เขตดุสิต กรุงเทพมหานคร,10300,0-2628-0991-2,0-2628-0993,www.sermsang.com,
SSPF,กองทุนรวมอสังหาริมทรัพย์ศาลาแอทสาทร,SET,อสังหาริมทรัพย์และก่อสร้าง,กองทุนรวมอสังหาริมทรัพย์และกองทรัสต์เพื่อการลงทุนในอสังหาริมทรัพย์,898 อาคารเพลินจิตทาวเวอร์ ชั้น 1 - 2 โซนเอ และชั้น 12 ถนนเพลินจิต แขวงลุมพินี เขตปทุมวัน กรุงเทพมหานคร,10330,0-2657-5757,-,-,
SSSC,บริษัท ศูนย์บริการเหล็กสยาม จำกัด (มหาชน),SET,สินค้าอุตสาหกรรม,เหล็ก และ ผลิตภัณฑ์โลหะ,51/3 หมู่ 2 ถนนปู่เจ้าสมิงพราย ตำบลบางหญ้าแพรก อำเภอพระประแดง สมุทรปราการ,10130,"0-2385-9251-2, 0-2385-9258-66, 0-2754-5845-9","0-2385-9241, 0-2385-9253",http://www.ssscth.com,
SST,บริษัท ทรัพย์ศรีไทย จำกัด (มหาชน),SET,เกษตรและอุตสาหกรรมอาหาร,อาหารและเครื่องดื่ม,เลขที่ 206 อาคารพลาซ่า ชั้น 4 ซอยพัฒนาการ 20 แขวงสวนหลวง เขตสวนหลวง กรุงเทพมหานคร,10250,0-2318-5514-5,-,http://www.subsrithai.co.th,
SSTRT,ทรัสต์เพื่อการลงทุนในอสังหาริมทรัพย์ทรัพย์ศรีไทย,SET,อสังหาริมทรัพย์และก่อสร้าง,กองทุนรวมอสังหาริมทรัพย์และกองทรัสต์เพื่อการลงทุนในอสังหาริมทรัพย์,เลขที่ 206 อาคารพลาซ่า ชั้น 4 ซอยพัฒนาการ 20 แขวงสวนหลวง เขตสวนหลวง กรุงเทพมหานคร,10250,0-2318-5514-5,-,www.sstrm.co.th,
STA,บริษัท ศรีตรังแอโกรอินดัสทรี จำกัด (มหาชน),SET,เกษตรและอุตสาหกรรมอาหาร,ธุรกิจการเกษตร,10 ซอย 10 ถนนเพชรเกษม ตำบลหาดใหญ่ อำเภอหาดใหญ่ สงขลา,90110,0-7434-4663,"0-7434-4676, 0-7434-4677, 0-7423-7423",www.sritranggroup.com,
STANLY,บริษัท ไทยสแตนเลย์การไฟฟ้า จำกัด (มหาชน),SET,สินค้าอุตสาหกรรม,ยานยนต์,29/3 หมู่ 1 ถนนบางพูน-รังสิต ตำบลบ้านกลาง อำเภอเมือง ปทุมธานี,12000,0-2581-5462,0-2581-5397,www.thaistanley.com,
STARM,บริษัท สตาร์ มันนี่ จำกัด (มหาชน),SET,ธุรกิจการเงิน,เงินทุนและหลักทรัพย์,เลขที่ 204/1-8 ถนนสุขุมวิท ตำบลทางเกวียน อำเภอแกลง ระยอง,21110,06-1393-9988,-,www.starmoney.co.th,
STC,บริษัท เอสทีซี คอนกรีตโปรดัคท์ จำกัด (มหาชน),mai,อสังหาริมทรัพย์และก่อสร้าง,-,220/26 หมู่ที่ 6 ถนนสุขุมวิท ตำบลนาเกลือ อำเภอบางละมุง ชลบุรี,20150,0-3842-3115-6,0-3842-6519,http://www.stc.co.th/,
STECH,บริษัท สยามเทคนิคคอนกรีต จำกัด (มหาชน),SET,อสังหาริมทรัพย์และก่อสร้าง,วัสดุก่อสร้าง,50 ซอยงามวงศ์วาน 47 แยก 20 (ชินเขต 2/18) ถนนงามวงศ์วาน แขวงทุ่งสองห้อง เขตหลักสี่ กรุงเทพมหานคร,10210,0-2589-3888,0-2589-8911,www.stec.co.th,
STECON,บริษัท สเตคอน กรุ๊ป จำกัด (มหาชน),SET,อสังหาริมทรัพย์และก่อสร้าง,บริการรับเหมาก่อสร้าง,32/59-32/60 อาคารซิโน-ไทย ทาวเวอร์ ชั้นที่ 29 - 30 ถนนสุขุมวิท 21 (ซอยอโศก) แขวงคลองเตยเหนือ เขตวัฒนา กรุงเทพมหานคร,10110,0-2260-1321,-,https://www.stecongroup.co.th,
STELLA,บริษัท สเตลล่า เอ็กซ์ จำกัด (มหาชน),SET,อสังหาริมทรัพย์และก่อสร้าง,พัฒนาอสังหาริมทรัพย์,เลขที่ 2922/209 อาคารชาญอิสสระทาวเวอร์ 2 ชั้น 13 (12 เอ) ถนนเพชรบุรีตัดใหม่ แขวงบางกะปิ เขตห้วยขวาง กรุงเทพมหานคร,10310,0-2030-1399,-,www.nusasiri.com,
STGT,บริษัท ศรีตรังโกลฟส์ (ประเทศไทย) จำกัด (มหาชน),SET,สินค้าอุปโภคบริโภค,ของใช้ส่วนตัวและเวชภัณฑ์,เลขที่ 110 ถนนกาญจนวนิช ตำบลพะตง อำเภอหาดใหญ่ สงขลา,90230,0-2207-4500,0-2108-2241-44,www.sritranggloves.com,
STI,บริษัท สโตนเฮ้นจ์ อินเตอร์ จำกัด (มหาชน),SET,อสังหาริมทรัพย์และก่อสร้าง,บริการรับเหมาก่อสร้าง,163 ซอยโชคชัยร่วมมิตร (รัชดา 19) แขวงดินแดง เขตดินแดง กรุงเทพมหานคร,10400,0-2690-7462,0-2690-7463,www.sti.co.th,
STOWER,บริษัท สกาย ทาวเวอร์ จำกัด (มหาชน),mai,ทรัพยากร,-,เลขที่ 247 ถนนร่มเกล้า แขวงแสนแสบ เขตมีนบุรี กรุงเทพมหานคร,10510,0-2543-9020-8,0-2543-9029,www.skytower.co.th,
STP,บริษัท สหไทยการพิมพ์และบรรจุภัณฑ์ จำกัด (มหาชน),mai,สินค้าอุตสาหกรรม,-,200/1 ซอยจรัญสนิทวงศ์ 42 แขวงบางยี่ขัน เขตบางพลัด กรุงเทพมหานคร,10700,0-2423-0051-2,0-2424-7027,http://sahathaiprinting.com,
STPI,บริษัท เอสทีพี แอนด์ ไอ จำกัด (มหาชน),SET,อสังหาริมทรัพย์และก่อสร้าง,บริการรับเหมาก่อสร้าง,32/24 อาคารซิโน-ไทย ทาวเวอร์ ชั้น 3 ถ.สุขุมวิท 21 (อโศก) แขวงคลองเตยเหนือ เขตวัฒนา กรุงเทพมหานคร,10110,0-2260 -1181,0-2260 -1182,www.stpi.co.th,
STX,บริษัท สโตนวัน จำกัด (มหาชน),mai,อสังหาริมทรัพย์และก่อสร้าง,-,29 อาคารบางกอก บิสซิเนส เซ็นเตอร์ ชั้น 14 ถนนสุขุมวิท 63 แขวงคลองตันเหนือ เขตวัฒนา กรุงเทพมหานคร,10110,0-2391-9301,0-2391-9302,https://www.stoneone.co.th,
SUC,บริษัท สหยูเนี่ยน จำกัด (มหาชน),SET,สินค้าอุปโภคบริโภค,แฟชั่น,1828 ถนนสุขุมวิท แขวงพระโขนงใต้ เขตพระโขนง กรุงเทพมหานคร,10260,0-2311-5111-9,0-2311-6867,www.sahaunion.co.th,
SUN,บริษัท ซันสวีท จำกัด (มหาชน),SET,เกษตรและอุตสาหกรรมอาหาร,อาหารและเครื่องดื่ม,9 หมู่ที่ 1 ตำบลทุ่งสะโตก อำเภอสันป่าตอง เชียงใหม่,50120,0-5310-6538-40,0-5310-6541,www.sunsweetthai.com,
SUPER,บริษัท ซุปเปอร์ เอนเนอร์ยี คอร์เปอเรชั่น จำกัด (มหาชน),SET,ทรัพยากร,พลังงานและสาธารณูปโภค,223/61 อาคารคันทรี่ คอมเพล็กซ์ อาคารเอ ชั้น 14 ถนนสรรพาวุธ แขวงบางนาใต้ เขตบางนา กรุงเทพมหานคร,10260,0-2361-5599,0-2361-5036,www.supercorp.co.th,
SUPEREIF,กองทุนรวมโครงสร้างพื้นฐานโรงไฟฟ้า ซุปเปอร์ เอนเนอร์ยี,SET,ทรัพยากร,พลังงานและสาธารณูปโภค,175 อาคารสาธรซิตี้ทาวเวอร์ ชั้น 7 ชั้น 21 และชั้น 26 ถนนสาทรใต้ แขวงทุ่งมหาเมฆ เขตสาทร กรุงเทพมหานคร,10120,0-2674-6488,0-2679-5996,http://www.supereif.com,
SUSCO,บริษัท ซัสโก้ จำกัด (มหาชน),SET,ทรัพยากร,พลังงานและสาธารณูปโภค,139 ถนนราษฎร์บูรณะ แขวงบางปะกอก เขตราษฎร์บูรณะ กรุงเทพมหานคร,10140,0-2428-0029,"0-2427-6270, 0-2427-6460",www.susco.co.th,
SUTHA,บริษัท สุธากัญจน์ จำกัด (มหาชน),SET,สินค้าอุตสาหกรรม,ปิโตรเคมีและเคมีภัณฑ์,89 อาคารคอสโม ออฟฟิต พาร์ค ชั้น 6 ยูนิตเอช ถนนป๊อบปูล่า ตำบลบ้านใหม่ อำเภอปากเกร็ด นนทบุรี,11120,0-2017-7461-3,0-2017-7460,www.goldenlime.co.th,
SVI,บริษัท เอสวีไอ จำกัด (มหาชน),SET,เทคโนโลยี,ชิ้นส่วนอิเล็กทรอนิกส์,เลขที่ 141-142 หมู่ที่ 5 ถนนติวานนท์ ตำบลบางกะดี อำเภอเมือง ปทุมธานี,12000,0-2105-0456,0-2105-0466,www.svi.co.th,
SVOA,บริษัท เอสวีโอเอ จำกัด (มหาชน),SET,เทคโนโลยี,เทคโนโลยีสารสนเทศและการสื่อสาร,เลขที่ 1023 อาคารเอ็ม เอส สยามทาวเวอร์ ชั้น 31 ถนนพระราม 3 แขวงช่องนนทรี เขตยานนาวา กรุงเทพมหานคร,10120,0-2686-3000,0-2682-6300,www.svoa.co.th,
SVR,บริษัท สิวารมณ์ เรียลเอสเตท จำกัด (มหาชน),mai,อสังหาริมทรัพย์และก่อสร้าง,-,เลขที่ 662/45 ถนนพระราม 3 แขวงบางโพงพาง เขตยานนาวา กรุงเทพมหานคร,10120,02-295-3361,-,www.sivarom.co.th,
SVT,บริษัท ซันเวนดิ้ง เทคโนโลยี จำกัด (มหาชน),SET,บริการ,พาณิชย์,เลขทื่ 34 ถนนกรุงเทพกรีฑา แขวงหัวหมาก เขตบางกะปิ กรุงเทพมหานคร,10240,0-2295-4284,0-2683-6548,www.sunvending.co.th,
SWC,บริษัท เชอร์วู้ด คอร์ปอเรชั่น (ประเทศไทย) จำกัด (มหาชน),mai,สินค้าอุตสาหกรรม,-,เลขที่ 1252 อาคารทรู ทาวเวอร์ 2 อาคาร 1 ชั้นที่ 2 ถนนพัฒนาการ แขวงสวนหลวง เขตสวนหลวง กรุงเทพมหานคร,10250,0-2320-2288,0-2320-2670,www.sherwood.co.th,
SYMC,บริษัท ซิมโฟนี่ คอมมูนิเคชั่น จำกัด (มหาชน),SET,เทคโนโลยี,เทคโนโลยีสารสนเทศและการสื่อสาร,123 ซันทาวเวอร์ส อาคารบี ชั้น 35-36 ถนนวิภาวดีรังสิต แขวงจอมพล เขตจตุจักร กรุงเทพมหานคร,10900,0-2101-1111,0-2101-1133,www.symphony.net.th,
SYNEX,บริษัท ซินเน็ค (ประเทศไทย) จำกัด (มหาชน),SET,เทคโนโลยี,เทคโนโลยีสารสนเทศและการสื่อสาร,เลขที่ 433 ถนนสุคนธสวัสดิ์ แขวงลาดพร้าว เขตลาดพร้าว กรุงเทพมหานคร,10230,0-2553-8888,0-2578-8181,http://www.synnex.co.th,
SYNTEC,บริษัท ซินเท็ค คอนสตรัคชั่น จำกัด (มหาชน),SET,อสังหาริมทรัพย์และก่อสร้าง,บริการรับเหมาก่อสร้าง,555/7-11 ซอยสุขุมวิท 63 (เอกมัย) ถนนสุขุมวิท 63 แขวงคลองตันเหนือ เขตวัฒนา กรุงเทพมหานคร,10110,0-2381-6333,0-2711-5183,www.synteccon.com,
TACC,บริษัท ที.เอ.ซี. คอนซูเมอร์ จำกัด (มหาชน),mai,เกษตรและอุตสาหกรรมอาหาร,-,9/231-233 อาคารยูเอ็มทาวเวอร์ ชั้น 23 ถนนรามคำแหง แขวงสวนหลวง เขตสวนหลวง กรุงเทพมหานคร,10250,0-2717-2898,0-2717-2899,www.tacconsumer.com,
TAE,บริษัท ไทย อะโกร เอ็นเนอร์ยี่ จำกัด (มหาชน),SET,ทรัพยากร,พลังงานและสาธารณูปโภค,888/114 อาคารมหาทุนพลาซ่า ชั้น 11 ถนนเพลินจิต แขวงลุมพินี เขตปทุมวัน กรุงเทพมหานคร,10330,0-2627-3890-4,0-2627-3889,www.thaiagroenergy.com,
TAKUNI,บริษัท ทาคูนิ กรุ๊ป จำกัด (มหาชน),mai,ทรัพยากร,-,เลขที่ 46/7 อาคารรุ่งโรจน์ธนกุล A ชั้น 12 ถนนรัชดาภิเษก แขวงห้วยขวาง เขตห้วยขวาง กรุงเทพมหานคร,10310,0-2455-2888,0-2455-2763,www.takunigroup.com,
TAN,บริษัท ธนจิรา รีเทล คอร์ปอเรชั่น จำกัด (มหาชน),SET,บริการ,พาณิชย์,999/9 อาคารดิ ออฟฟิศเศส แอท เซ็นทรัลเวิลด์ ห้องเลขที่ โอเอฟเอ็มเอช 2807 และ โอเอฟเอ็มเอช 2812 ชั้น 28 ถนนพระราม 1 แขวงปทุมวัน เขตปทุมวัน กรุงเทพมหานคร,10330,0-2264-5081,-,www.tanachira.co.th,
TAPAC,บริษัท ทาพาโก้ จำกัด (มหาชน),mai,อสังหาริมทรัพย์และก่อสร้าง,-,789/40 หมู่ 1 ตำบลหนองขาม อำเภอศรีราชา ชลบุรี,20230,0-3829-6339-41,0-3829-6342,www.tapaco.com,
TASCO,บริษัท ทิปโก้แอสฟัลท์ จำกัด (มหาชน),SET,อสังหาริมทรัพย์และก่อสร้าง,วัสดุก่อสร้าง,118/1 ถนนพระราม 6 แขวงพญาไท เขตพญาไท กรุงเทพมหานคร,10400,0-2273-6000,0-2273-6030,http://www.tipcoasphalt.com,
TATG,บริษัท ไทย ออโต ทูลส์ แอนด์ ดาย จำกัด (มหาชน),mai,สินค้าอุตสาหกรรม,-,"45/6, 45/9 หมู่ 11 ตำบลคูบางหลวง อำเภอลาดหลุมแก้ว ปทุมธานี",12140,0-2598-3876-9,-,www.thaiautotools.co.th,
TBN,บริษัท ทีบีเอ็น คอร์ปอเรชั่น จำกัด (มหาชน),mai,เทคโนโลยี,-,54 อาคาร บี.บี.บิลดิ้ง ห้อง 1501 - 1502 ชั้น 15 ถนนสุขุมวิท 21 (อโศก) แขวงคลองเตยเหนือ เขตวัฒนา กรุงเทพมหานคร,10110,0-2258-5841,0-2258-5842,www.tbn.co.th,
TC,บริษัท ทรอปิคอลแคนนิ่ง (ประเทศไทย) จำกัด (มหาชน),SET,เกษตรและอุตสาหกรรมอาหาร,อาหารและเครื่องดื่ม,1/1 หมู่ 2 ถนนกาญจนวนิช ตำบลทุ่งใหญ่ อำเภอหาดใหญ่ สงขลา,90110,0-7427-3600,0-7427-3691-4,www.tropical.co.th,
TCAP,บริษัท ทุนธนชาต จำกัด (มหาชน),SET,ธุรกิจการเงิน,ธนาคาร,444 อาคารเอ็มบีเค ทาวเวอร์ ชั้น 16-17 ถนนพญาไท แขวงวังใหม่ เขตปทุมวัน กรุงเทพมหานคร,10330,"0-2217-8000, 0-2217-8199, 0-2217-8444",0-2217-8312,www.thanachart.co.th,
TCC,บริษัท ไทย แคปปิตอล คอร์ปอเรชั่น จำกัด (มหาชน),SET,ทรัพยากร,พลังงานและสาธารณูปโภค,87/2 อาคารซีอาร์ซีทาวเวอร์ ชั้น 45 ออลซีซั่นส์เพลส ถนนวิทยุ แขวงลุมพินี เขตปทุมวัน กรุงเทพมหานคร,10330,0-2685-3600,0-2685-3607,www.thaicapital.co.th,
TCJ,บริษัท ที.ซี.เจ.เอเซีย จำกัด (มหาชน),SET,สินค้าอุตสาหกรรม,วัสดุอุตสาหกรรมและเครื่องจักร,3/4 หมู่ 9 ถนนบางนา- ตราด กม 18 ตำบลบางโฉลง อำเภอบางพลี สมุทรปราการ,10540,0-2312-6699,0-2312-6711,www.tcjasia.com,
TCMC,บริษัท ทีซีเอ็ม คอร์ปอเรชั่น จำกัด (มหาชน),SET,สินค้าอุปโภคบริโภค,ของใช้ในครัวเรือนและสำนักงาน,เลขที่ 2054 ถนนเพชรบุรีตัดใหม่ แขวงบางกะปิ เขตห้วยขวาง กรุงเทพมหานคร,10310,0-2318-3960-2,0-2318-3962,www.tcm-corporation.com,
TCOAT,บริษัท อุตสาหกรรมผ้าเคลือบพลาสติกไทย จำกัด (มหาชน),SET,สินค้าอุตสาหกรรม,บรรจุภัณฑ์,99/9 หมู่ 8 ถนนสาย 304 ตำบลหนองโพรง อำเภอศรีมหาโพธิ ปราจีนบุรี,25140,0-2464-3260-6,0-2463-5845,-,
TEAM,บริษัท ทีมพรีซิชั่น จำกัด (มหาชน),SET,เทคโนโลยี,ชิ้นส่วนอิเล็กทรอนิกส์,198 หมู่ 13 ถนนสุวรรณศร ตำบลดงขี้เหล็ก อำเภอเมือง ปราจีนบุรี,25000,0-3740-3336-40,0-3740-3345,www.teampcba.com,
TEAMG,บริษัท ทีม คอนซัลติ้ง เอนจิเนียริ่ง แอนด์ แมเนจเมนท์ จำกัด (มหาชน),SET,อสังหาริมทรัพย์และก่อสร้าง,บริการรับเหมาก่อสร้าง,151 ถนนนวลจันทร์ แขวงนวลจันทร์ เขตบึงกุ่ม กรุงเทพมหานคร,10230,0-2509-9000,0-2509-9090,www.teamgroup.co.th,
TEGH,บริษัท ไทยอีสเทิร์น กรุ๊ป โฮลดิ้งส์ จำกัด (มหาชน),SET,เกษตรและอุตสาหกรรมอาหาร,ธุรกิจการเกษตร,เลขที่ 171 หมู่ที่ 2 ถนนชลบุรี-แกลง ตำบลเขาซก อำเภอหนองใหญ่ ชลบุรี,20190,0-3816-8555,0-3816-8560,www.thaieasterngroup.com,
TEKA,บริษัท ฑีฆาก่อสร้าง จำกัด (มหาชน),SET,อสังหาริมทรัพย์และก่อสร้าง,บริการรับเหมาก่อสร้าง,28 ซอยงามวงศ์วาน 6 ตำบลบางเขน อำเภอเมืองนนทบุรี นนทบุรี,11000,0-2965-9995,-,https://www.tekacon.com,
TERA,บริษัท เทอร์ราไบท์ พลัส จำกัด (มหาชน),mai,เทคโนโลยี,-,เลขที่ 230 อาคารซี เอส ทาวเวอร์ ชั้น 12 ถนนรัชดาภิเษก แขวงห้วยขวาง เขตห้วยขวาง กรุงเทพมหานคร,10310,0-2692-8731 Ext. 4,0-2692-8738,https://www.terabyteplus.com,
TFFIF,กองทุนรวมโครงสร้างพื้นฐานเพื่ออนาคตประเทศไทย,SET,บริการ,ขนส่งและโลจิสติกส์,เลขที่ 1 อาคารเอ็มไพร์ทาวเวอร์ ชั้น 32 ถนนสาทรใต้ แขวงยานนาวา เขตสาทร กรุงเทพมหานคร,10120,0-2686-6100,0-2670-0430,www.tffif.com,
TFG,บริษัท ไทยฟู้ดส์ กรุ๊ป จำกัด (มหาชน),SET,เกษตรและอุตสาหกรรมอาหาร,อาหารและเครื่องดื่ม,เลขที่ 1010 อาคารชินวัตรทาวเวอร์ 3 ชั้น 12 ถนนวิภาวดีรังสิต แขวงจตุจักร เขตจตุจักร กรุงเทพมหานคร,10900,0-2513-8989,0-2513-9060,www.tfg.co.th,
TFI,บริษัท ไทยฟิวเจอร์อินคอร์ปอเรชั่น จำกัด (มหาชน),SET,สินค้าอุตสาหกรรม,บรรจุภัณฑ์,73/3 หมู่ 4 ถนนบางนา-ตราด ก.ม.13 ตำบลบางโฉลง อำเภอบางพลี สมุทรปราการ,10540,"0-2316-9558 , 0-2750-1350-67","0-2316-9687,0-2316-6225",http://www.thaifutureinc.com,
TFM,บริษัท ไทยยูเนี่ยน ฟีดมิลล์ จำกัด (มหาชน),SET,เกษตรและอุตสาหกรรมอาหาร,ธุรกิจการเกษตร,เลขที่ 89/1 หมู่ที่ 2 ถนนพระราม 2 ตำบลกาหลง อำเภอเมือง สมุทรสาคร,74000,0-3441-7222,0-3441-7255,www.thaiunionfeedmill.com,
TFMAMA,บริษัท ไทยเพรซิเดนท์ฟูดส์ จำกัด (มหาชน),SET,เกษตรและอุตสาหกรรมอาหาร,อาหารและเครื่องดื่ม,304 ถนนศรีนครินทร์ แขวงหัวหมาก เขตบางกะปิ กรุงเทพมหานคร,10240,0-2374-4730,0-2374-7743,http://www.mama.co.th,
TGE,บริษัท ท่าฉาง กรีน เอ็นเนอร์ยี่ จำกัด (มหาชน),SET,ทรัพยากร,พลังงานและสาธารณูปโภค,159 หมู่ที่ 3 ตำบลท่าฉาง อำเภอท่าฉาง สุราษฎร์ธานี,84150,0-7727-7790,0-7727-7711,https://www.tge.co.th,
TGH,บริษัท ไทยกรุ๊ป โฮลดิ้งส์ จำกัด (มหาชน),SET,ธุรกิจการเงิน,ประกันภัยและประกันชีวิต,เลขที่ 315 อาคารไทยกรุ๊ป ชั้นที่ 12 ถนนสีลม แขวงสีลม เขตบางรัก กรุงเทพมหานคร,10500,0-2632-1224,-,https://www.tgh.co.th,
TGPRO,บริษัท ไทย-เยอรมัน โปรดักส์ จำกัด (มหาชน),SET,สินค้าอุตสาหกรรม,เหล็ก และ ผลิตภัณฑ์โลหะ,99 ถนนห้วยโป่ง-หนองบอน ตำบลห้วยโป่ง อำเภอเมือง ระยอง,21150,0-3860-6061-5,0-3860-6066,www.tgpro.co.th,
TH,บริษัท ตงฮั้ว โฮลดิ้ง จำกัด (มหาชน),SET,ธุรกิจการเงิน,เงินทุนและหลักทรัพย์,877-881 ถนนเจริญกรุง แขวงตลาดน้อย เขตสัมพันธวงศ์ กรุงเทพมหานคร,10100,0-2236-9171-6,0-2238-5286,www.thaizhonghua.com,
THAI,บริษัท การบินไทย จำกัด (มหาชน),SET,บริการ,ขนส่งและโลจิสติกส์,89 ถนนวิภาวดีรังสิต แขวงจอมพล เขตจตุจักร กรุงเทพมหานคร,10900,0-2356-1111,0-2513-0203,http://www.thaiairways.com,
THANA,บริษัท ธนาสิริ กรุ๊ป จำกัด (มหาชน),mai,อสังหาริมทรัพย์และก่อสร้าง,-,"650, 652 ถนนบรมราชชนนี แขวงบางบำหรุ เขตบางพลัด กรุงเทพมหานคร",10700,0-2886-4888,0-2886-4878,http://www.thanasiri.com,
THANI,บริษัท ราชธานีลิสซิ่ง จำกัด (มหาชน),SET,ธุรกิจการเงิน,เงินทุนและหลักทรัพย์,"อาคารสินสาธรทาวเวอร์ ชั้น 11 UP, 77/35-36 ถนนกรุงธนบุรี แขวงคลองต้นไทร เขตคลองสาน กรุงเทพมหานคร",10600,0-2431-9000,-,www.ratchthani.com,
THCOM,บริษัท ไทยคม จำกัด (มหาชน),SET,เทคโนโลยี,เทคโนโลยีสารสนเทศและการสื่อสาร,87/1 อาคารแคปปิตอล ทาวเวอร์ ชั้น 23 ถนนวิทยุ แขวงลุมพินี เขตปทุมวัน กรุงเทพมหานคร,10330,0-2591-0736-49,"0-2591-0705, 0-2299-5252",www.thaicom.net,
THE,บริษัท เดอะ สตีล จำกัด (มหาชน),SET,สินค้าอุตสาหกรรม,เหล็ก และ ผลิตภัณฑ์โลหะ,1401 ถนนเอกชัย แขวงบางบอนใต้ เขตบางบอน กรุงเทพมหานคร,10150,0-2894-8889-90,0-2408-0272-4,www.thesteel.co.th,
THG,บริษัท ธนบุรี เฮลท์แคร์ กรุ๊ป จำกัด (มหาชน),SET,บริการ,การแพทย์,34/1 ซอยอิสรภาพ 44 บ้านช่างหล่อ บางกอกน้อย กรุงเทพมหานคร,10700,0-2487-2000,0-2159-0336,http://www.thg.co.th/,
THIP,บริษัท ทานตะวันอุตสาหกรรม จำกัด (มหาชน),SET,สินค้าอุตสาหกรรม,บรรจุภัณฑ์,123 ถนนวิภาวดีรังสิต เขตจตุจักร กรุงเทพมหานคร,10900,0-2273-8333,0-2617-6868-70,www.thantawan.com,
THMUI,บริษัท ไทยมุ้ย คอร์ปอเรชั่น จำกัด (มหาชน),mai,บริการ,-,759 ถนนเจริญกรุง แขวงตลาดน้อย เขตสัมพันธวงศ์ กรุงเทพมหานคร,10100,0-2235-2940-9,"0-2236-8336, 0-2639-4022",www.thaimui.co.th,
THRE,บริษัท ไทยรับประกันภัยต่อ จำกัด (มหาชน),SET,ธุรกิจการเงิน,ประกันภัยและประกันชีวิต,100/3-4 อาคารสาธรนคร ทาวเวอร์ ชั้นที่ 3-4 ถนนสาทรเหนือ แขวงสีลม เขตบางรัก กรุงเทพมหานคร,10500,"0-2660-6111, 0-2666-8088","0-2660-6100, 0-2666-8080",www.thaire.co.th,
THREL,บริษัท ไทยรีประกันชีวิต จำกัด (มหาชน),SET,ธุรกิจการเงิน,ประกันภัยและประกันชีวิต,เลขที่ 92/7 อาคารสาธรธานี 2 ชั้นที่ 6 ถนนสาทรเหนือ แขวงสีลม เขตบางรัก กรุงเทพมหานคร,10500,0-2666-9000,0-2277-6227,www.thairelife.co.th,
TIDLOR,บริษัท ติดล้อ โฮลดิ้งส์ จำกัด (มหาชน),SET,ธุรกิจการเงิน,เงินทุนและหลักทรัพย์,428 อาคารอารีย์ ฮิลล์ ชั้น 15 ถนนพหลโยธิน แขวงสามเสนใน เขตพญาไท กรุงเทพมหานคร,10400,08-8088-0880,-,-,
TIF1,กองทุนรวมอสังหาริมทรัพย์ไทยอินดัสเตรียล 1,SET,อสังหาริมทรัพย์และก่อสร้าง,กองทุนรวมอสังหาริมทรัพย์และกองทรัสต์เพื่อการลงทุนในอสังหาริมทรัพย์,"เลขที่ 989 อาคารสยามพิวรรธน์ทาวเวอร์ ชั้น 9, 24 ถนนพระราม 1 เขตปทุมวัน กรุงเทพมหานคร",10330,0-2659-8888,0-2659-8860-1,-,
TIGER,บริษัท ไทย อิงเกอร์ โฮลดิ้ง จำกัด (มหาชน),mai,อสังหาริมทรัพย์และก่อสร้าง,-,88 หมู่ที่ 4 ตำบลบางสีทอง อำเภอบางกรวย นนทบุรี,11130,0-2886-7608,0-2886-7609,www.thaienger.com,
TIPCO,บริษัท ทิปโก้ฟูดส์ จำกัด (มหาชน),SET,เกษตรและอุตสาหกรรมอาหาร,อาหารและเครื่องดื่ม,118/1 ถนนพระราม 6 แขวงพญาไท เขตพญาไท กรุงเทพมหานคร,10400,0-273-6200,"0-2271-4304,0-2271-1600",http://www.tipco.net,
TIPH,บริษัท ทิพย กรุ๊ป โฮลดิ้งส์ จำกัด (มหาชน),SET,ธุรกิจการเงิน,ประกันภัยและประกันชีวิต,เลขที่ 1115 ถนนพระราม 3 แขวงช่องนนทรี เขตยานนาวา กรุงเทพมหานคร,10120,0-2239-2200,0-2239-2049,www.dhipayagroup.co.th,
TISCO,บริษัท ทิสโก้ไฟแนนเชียลกรุ๊ป จำกัด (มหาชน),SET,ธุรกิจการเงิน,ธนาคาร,48/49 อาคารทิสโก้ทาวเวอร์ ชั้น 21 ถนนสาทรเหนือ แขวงสีลม เขตบางรัก กรุงเทพมหานคร,10500,0-2633-6888,0-2633-6880,http://www.tisco.co.th,
TITLE,บริษัท ร่มโพธิ์ พร็อพเพอร์ตี้ จำกัด (มหาชน),mai,อสังหาริมทรัพย์และก่อสร้าง,-,เลขที่ 444 - 444/1 ถนนประชาอุทิศ แขวงห้วยขวาง เขตห้วยขวาง กรุงเทพมหานคร,10310,0-2103-6444,0-2103-2444,www.thetitleresidence.com,
TK,บริษัท ฐิติกร จำกัด (มหาชน),SET,ธุรกิจการเงิน,เงินทุนและหลักทรัพย์,69 ถนนรามคำแหง แขวงหัวหมาก เขตบางกะปิ กรุงเทพมหานคร,10240,0-2310-7000,0-2318-3339,www.tk.co.th,
TKC,บริษัท เทิร์นคีย์ คอมมูนิเคชั่น เซอร์วิส จำกัด (มหาชน),SET,เทคโนโลยี,เทคโนโลยีสารสนเทศและการสื่อสาร,44/44 ซอยวิภาวดีรังสิต 60 แยก 18-1-2 แขวงตลาดบางเขน เขตหลักสี่ กรุงเทพมหานคร,10210,0-2401-8222,0-2940-9868,www.tkc-services.com,
TKN,บริษัท เถ้าแก่น้อย ฟู๊ดแอนด์มาร์เก็ตติ้ง จำกัด (มหาชน),SET,เกษตรและอุตสาหกรรมอาหาร,อาหารและเครื่องดื่ม,เลขที่ 337 ถนนบอนด์สตรีท ตำบลบางพูด อำเภอปากเกร็ด นนทบุรี,11120,0-2984-0666,0-2984-0118,www.taokaenoi.co.th,
TKS,บริษัท ที.เค.เอส. เทคโนโลยี จำกัด (มหาชน),SET,บริการ,สื่อและสิ่งพิมพ์,30/88 หมู่ 1 ถนนเจษฎาวิถี ตำบลโคกขาม อำเภอเมือง สมุทรสาคร,74000,0-2784-5888 (50 Lines),"0-2784-5858, 0-2784-5860",http://www.tks.co.th,
TKT,บริษัท ที.กรุงไทยอุตสาหกรรม จำกัด (มหาชน),SET,สินค้าอุตสาหกรรม,ยานยนต์,23 ซอยจันทน์ 43 แยก 21 แขวงทุ่งวัดดอน เขตสาทร กรุงเทพมหานคร,10120,"0-2211-2762, 0-2211-3732, 0-2212-4719",0-2212-4864,www.tkrungthai.com,
TL,บริษัท เทคลีด เอ็นพีเอ็น จำกัด (มหาชน),SET,เกษตรและอุตสาหกรรมอาหาร,ธุรกิจการเกษตร,1319 อาคารเอแพค ทาวเวอร์ ชั้นที่ 26 ถนนสุขุมวิท แขวงพระโขนงเหนือ เขตวัฒนา กรุงเทพมหานคร,10110,0-2028-8348,-,https://www.techleadnpn.co.th/,
TLHPF,กองทุนรวมอสังหาริมทรัพย์ ไทยแลนด์ โฮสพีทาลิตี้,SET,อสังหาริมทรัพย์และก่อสร้าง,กองทุนรวมอสังหาริมทรัพย์และกองทรัสต์เพื่อการลงทุนในอสังหาริมทรัพย์,"เลขที่ 989 อาคารสยามพิวรรธน์ทาวเวอร์ ชั้น 9, 24 ถนนพระราม 1 เขตปทุมวัน กรุงเทพมหานคร",10330,0-2659-8888,0-2659-8860-1,www.one-asset.com,
TLI,บริษัท ไทยประกันชีวิต จำกัด (มหาชน),SET,ธุรกิจการเงิน,ประกันภัยและประกันชีวิต,เลขที่ 123 อาคารไทยประกันชีวิต ถนนรัชดาภิเษก แขวงดินแดง เขตดินแดง กรุงเทพมหานคร,10400,0-2247-0247,0-2246-9946,http://www.thailife.com,
TM,บริษัท เทคโนเมดิคัล จำกัด (มหาชน),mai,สินค้าอุปโภคบริโภค,-,เลขที่ 29 ซอยลาดพร้าว 92 แขวงพลับพลา เขตวังทองหลาง กรุงเทพมหานคร,10310,"0-2933-6112, 0-2933-6119",0-2933-9763,www.technomedical.co.th,
TMAN,บริษัท ที.แมน ฟาร์มาซูติคอล จำกัด (มหาชน),SET,สินค้าอุปโภคบริโภค,ของใช้ส่วนตัวและเวชภัณฑ์,69/1 ซอยบางขุนเทียน 14 ถนนบางขุนเทียน แขวงแสมดำ เขตบางขุนเทียน กรุงเทพมหานคร,10150,0-2415-1007,0-2416-1241,www.tmanpharmaceutical.com,
TMC,บริษัท ที.เอ็ม.ซี. อุตสาหกรรม จำกัด (มหาชน),mai,สินค้าอุตสาหกรรม,-,125/10 หมู่5 ต.บ้านสวน อ.เมือง ชลบุรี,20000,0-3827-1933,0-3827-1931,www.tmc.co.th,
TMD,บริษัท อุตสาหกรรมถังโลหะไทย จำกัด (มหาชน),SET,สินค้าอุตสาหกรรม,บรรจุภัณฑ์,"อาคารเลครัชดา ออฟฟิศ คอมเพล็กซ์ ชั้น 35, 193/142 ถนนรัชดาภิเษก แขวงคลองเตย เขตคลองเตย กรุงเทพมหานคร",10110,0-2264-0817-9,0-2264-0820,www.thaimetaldrum.com,
TMI,บริษัท ธีระมงคล อุตสาหกรรม จำกัด (มหาชน),mai,สินค้าอุตสาหกรรม,-,46/67 - 69 ซอยมั่งมีทรัพย์ หมู่ที่ 3 ถนนเลียบคลองสี่วาพาสวัสดิ์ ตำบลคอกกระบือ อำเภอเมือง สมุทรสาคร,74000,0-3485-4629,0-3485-4630,www.thaiballast.com,
TMILL,บริษัท ที เอส ฟลาวมิลล์ จำกัด (มหาชน),mai,เกษตรและอุตสาหกรรมอาหาร,-,90/9 หมู่ 1 ถ.ปู่เจ้าสมิงพราย ต.สำโรงกลาง อ.พระประแดง สมุทรปราการ,10130,0-2017-9999,"0-2017-9999 Ext.111,0-2017-9999 Ext. 222",www.tmill.co.th,
TMT,บริษัท ทีเอ็มที สตีล จำกัด (มหาชน),SET,สินค้าอุตสาหกรรม,เหล็ก และ ผลิตภัณฑ์โลหะ,"อาคารบางกอกซิตี้ทาวเวอร์ ชั้น 22, 179 ถนนสาทรใต้ แขวงทุ่งมหาเมฆ เขตสาทร กรุงเทพมหานคร",10120,0-2685-4000,0-2670-9090-2,www.tmtsteel.co.th,
TMW,บริษัท ไทยมิตซูวา จำกัด (มหาชน),mai,สินค้าอุตสาหกรรม,-,31 หมู่ที่ 2 ถนนลาดหลุมแก้ว อำเภอเมือง ปทุมธานี,12000,"0-2581-5558-60, 0-2581-2157-61","0-2581-6160, 0-2581-3796",http://www.thaimitsuwa.com,
TNDT,บริษัท ไทย เอ็น ดี ที จำกัด (มหาชน),mai,บริการ,-,19 ซอยสวนสน 8 ถนนรามคำแหง แขวงหัวหมาก เขตบางกะปิ กรุงเทพมหานคร,10240,0-2735-0801,0-2735-1941,www.tndt.co.th,
TNH,บริษัท โรงพยาบาลไทยนครินทร์ จำกัด (มหาชน),mai,บริการ,-,เลขที่ 345 ถนนเทพรัตน แขวงบางนาเหนือ เขตบางนา กรุงเทพมหานคร,10260,"0-2340-6488, 0-2340-6499, 0-2340-7777",0-2340-6431,www.thainakarin.co.th,
TNITY,บริษัท ทรีนีตี้ วัฒนา จำกัด (มหาชน),SET,ธุรกิจการเงิน,เงินทุนและหลักทรัพย์,เลขที่ 1 อาคารพาร์ค สีลม ชั้นที่ 22 ถนนคอนแวนต์ แขวงสีลม เขตบางรัก กรุงเทพมหานคร,10500,0-2088-9100,0-2088-9399,www.trinitythai.com,
TNL,บริษัท ธนูลักษณ์ จำกัด (มหาชน),SET,ธุรกิจการเงิน,เงินทุนและหลักทรัพย์,989 อาคารคิงบริดจ์ ทาวเวอร์ ชั้นที่ 33 ถนนพระราม 3 แขวงบางโพงพาง เขตยานนาวา กรุงเทพมหานคร,10120,0-2080-0649,-,www.tnl.co.th,
TNP,บริษัท ธนพิริยะ จำกัด (มหาชน),mai,บริการ,-,เลขที่ 329 หมู่ 8 ตำบลบ้านดู่ อำเภอเมืองเชียงราย เชียงราย,57100,0-5377-6144,-,www.thanapiriya.co.th,
TNPC,บริษัท ไทยนามพลาสติกส์ จำกัด (มหาชน),SET,สินค้าอุตสาหกรรม,ยานยนต์,40 หมู่ 7 ถนนเพชรเกษม กม.23 ตำบลอ้อมน้อย อำเภอกระทุ่มแบน สมุทรสาคร,74130,"0-2810-3000, 0-2420-9968-74","0-2810-3933, 0-2420-1827, 0-2420-9967",www.thainam.com,
TNPF,กองทุนรวมอสังหาริมทรัพย์และสิทธิการเช่าตรีนิตี้,SET,อสังหาริมทรัพย์และก่อสร้าง,กองทุนรวมอสังหาริมทรัพย์และกองทรัสต์เพื่อการลงทุนในอสังหาริมทรัพย์,44 อาคารซีไอเอ็มบี ไทย ชั้น 16 ถนนหลังสวน แขวงลุมพินี เขตปทุมวัน กรุงเทพมหานคร,10330,0-2686-9500,0-2657-3167,www.cimb-principal.co.th,
TNR,บริษัท ไทยนิปปอนรับเบอร์อินดัสตรี้ จำกัด (มหาชน),SET,สินค้าอุปโภคบริโภค,ของใช้ส่วนตัวและเวชภัณฑ์,เลขที่ 1 ถนนเจริญราษฎร์ แขวงทุ่งวัดดอน เขตสาทร กรุงเทพมหานคร,10120,0-2210-8888,0-2210-8821,www.tnrcondom.com,
TOA,บริษัท ทีโอเอ เพ้นท์ (ประเทศไทย) จำกัด (มหาชน),SET,อสังหาริมทรัพย์และก่อสร้าง,วัสดุก่อสร้าง,31/2 หมู่ 3 ถนนบางนา-ตราด ตำบลบางเสาธง อำเภอบางเสาธง สมุทรปราการ,10570,0-2335-5555,0-2312-8919,www.toagroup.com,
TOG,บริษัท ไทยออพติคอล กรุ๊ป จำกัด (มหาชน),SET,สินค้าอุปโภคบริโภค,ของใช้ส่วนตัวและเวชภัณฑ์,15/5 หมู่ 6 ถนนบางบัวทอง-สุพรรณบุรี ตำบลละหาร อำเภอบางบัวทอง นนทบุรี,11110,0-2194-1145-50,-,http://www.thaiopticalgroup.com,
TOP,บริษัท ไทยออยล์ จำกัด (มหาชน),SET,ทรัพยากร,พลังงานและสาธารณูปโภค,เลขที่ 555/1 ศูนย์เอนเนอร์ยี่ คอมเพล็กซ์ อาคารเอ ชั้น 11 ถนนวิภาวดีรังสิต แขวงจตุจักร เขตจตุจักร กรุงเทพมหานคร,10900,"0-2797-2999, 0-2299-0000",0-2797-2970,www.thaioilgroup.com,
TOPP,บริษัท ไทย โอ.พี.พี. จำกัด (มหาชน),SET,สินค้าอุตสาหกรรม,บรรจุภัณฑ์,1741 ถนนจันทน์ แขวงทุ่งมหาเมฆ เขตสาทร กรุงเทพมหานคร,10120,"0-2678-1051-5, 0-2285-4940","0-2285-4991, 0-2285-4942",www.topp.co.th,
TPA,บริษัท ไทยโพลีอะคริลิค จำกัด (มหาชน),SET,สินค้าอุตสาหกรรม,ปิโตรเคมีและเคมีภัณฑ์,60-61 หมู่ 9 ถนนพุทธมณฑลสาย 4 ตำบลกระทุ่มล้ม อำเภอสามพราน นครปฐม,73220,"0-2429-2020, 0-2429-2487-8, 0-2889-8720-5","0-2429-2541, 0-2429-2534, 0-2888-5951",http://www.thaipolyacrylic.com,
TPAC,บริษัท พลาสติค และหีบห่อไทย จำกัด (มหาชน),SET,สินค้าอุตสาหกรรม,บรรจุภัณฑ์,77 ซอยเทียนทะเล 30 ถนนบางขุนเทียน-ชายทะเล แขวงท่าข้าม เขตบางขุนเทียน กรุงเทพมหานคร,10150,0-2897-2250-1,0-2897-2426,www.thaiplaspac.com,
TPBI,บริษัท ทีพีบีไอ จำกัด (มหาชน),SET,สินค้าอุตสาหกรรม,บรรจุภัณฑ์,42/174 หมู่ที่ 5 ซอยศรีเสถียรนิเวศน์ ถนนเพชรเกษม ตำบลไร่ขิง อำเภอสามพราน นครปฐม,73210,0-2429-0354-7,"0-2429-0358, 0-2812-5030",www.tpbigroup.com,
TPCH,บริษัท ทีพีซี เพาเวอร์โฮลดิ้ง จำกัด (มหาชน),mai,ทรัพยากร,-,4/2 ซอยประเสริฐมนูกิจ 29 แยก 8 ถนนประเสริฐมนูกิจ แขวงจรเข้บัว เขตลาดพร้าว กรุงเทพมหานคร,10230,0-2943-2935-6,-,http://www.tpcpower.co.th,
TPCS,บริษัท ทีพีซีเอส จำกัด (มหาชน),SET,สินค้าอุตสาหกรรม,วัสดุอุตสาหกรรมและเครื่องจักร,เลขที่ 489 ถนนพระรามที่ 3 แขวงบางโคล่ เขตบางคอแหลม กรุงเทพมหานคร,10120,0-2294-0071,-,www.tpcsplc.com,
TPIPL,บริษัท ทีพีไอ โพลีน จำกัด (มหาชน),SET,อสังหาริมทรัพย์และก่อสร้าง,วัสดุก่อสร้าง,26/56 ถนนจันทน์ตัดใหม่ แขวงทุ่งมหาเมฆ เขตสาทร กรุงเทพมหานคร,10120,"0-2213-1039-49, 0-2285-5090-9","0-2213-1035, 0-2213-1038",http://www.tpipolene.co.th,
TPIPP,บริษัท ทีพีไอ โพลีน เพาเวอร์ จำกัด (มหาชน),SET,ทรัพยากร,พลังงานและสาธารณูปโภค,เลขที่ 26/56 ถนนจันทน์ตัดใหม่ แขวงทุ่งมหาเมฆ เขตสาทร กรุงเทพมหานคร,10120,"0-2285-5090-9, 0-2213-1039",0-2213-1035,www.tpipolenepower.co.th,
TPL,บริษัท ไทยพาร์เซิล จำกัด (มหาชน),mai,บริการ,-,เลขที่ 1018 ถนนหลวงแพ่ง แขวงทับยาว เขตลาดกระบัง กรุงเทพมหานคร,10520,0-2360-7788,0-2360-7525,www.thaiparcels.com,
TPLAS,บริษัท ไทยอุตสาหกรรมพลาสติก (1994) จำกัด (มหาชน),mai,สินค้าอุตสาหกรรม,-,เลขที่ 53/1 หมู่ที่ 4 ถนนกาญจนาภิเษก ตำบลบางแม่นาง อำเภอบางใหญ่ นนทบุรี,11140,0-2191-8288-9,0-2191-8290,http://www.tpic.co.th,
TPOLY,บริษัท ไทยโพลีคอนส์ จำกัด (มหาชน),SET,อสังหาริมทรัพย์และก่อสร้าง,บริการรับเหมาก่อสร้าง,"2,4 ซ.ประเสริฐมนูกิจ 29 แยก 8 ถนนประเสริฐมนูกิจ แขวงจรเข้บัว เขตลาดพร้าว กรุงเทพมหานคร",10230,"0-2942-6491-6, 0-2943-2930-8",0-2942-6497-8,www.thaipolycons.co.th,
TPP,บริษัท ไทยบรรจุภัณฑ์และการพิมพ์ จำกัด (มหาชน),SET,สินค้าอุตสาหกรรม,บรรจุภัณฑ์,9/9 หมู่ 6 ถนนกิ่งแก้ว ตำบลราชาเทวะ อำเภอบางพลี สมุทรปราการ,10540,"0-2175-2201-8, 0-2175-2210-6","0-2175-2209, 0-2175-2218",www.tpppack.com,
TPRIME,ทรัสต์เพื่อการลงทุนในอสังหาริมทรัพย์และสิทธิการเช่าไทยแลนด์ ไพร์ม พร็อพเพอร์ตี้,SET,อสังหาริมทรัพย์และก่อสร้าง,กองทุนรวมอสังหาริมทรัพย์และกองทรัสต์เพื่อการลงทุนในอสังหาริมทรัพย์,388 อาคารเอ็กเชน ทาวเวอร์ ชั้น 39 ห้อง 3903 ถนนสุขุมวิท แขวงคลองเตย เขตคลองเตย กรุงเทพมหานคร,10110,0-2258-4515,0-2258-4519,www.tprimereit.com,
TPS,บริษัท เดอะแพรคทิเคิลโซลูชั่น จำกัด (มหาชน),mai,เทคโนโลยี,-,เลขที่ 99 ซอยซิเมนต์ไทย ถนนรัชดาภิเษก แขวงลาดยาว เขตจตุจักร กรุงเทพมหานคร,10900,0-2112-9999,0-2112-9998,https://www.thepractical.co.th,
TQM,บริษัท ทีคิวเอ็ม อัลฟา จำกัด (มหาชน),SET,ธุรกิจการเงิน,ประกันภัยและประกันชีวิต,123 ถนนลาดปลาเค้า แขวงจรเข้บัว เขตลาดพร้าว กรุงเทพมหานคร,10230,0-2119-8888,0-2119-9000,https://www.tqmalpha.com,
TQR,บริษัท ที คิว อาร์ จำกัด (มหาชน),mai,ธุรกิจการเงิน,-,46/7 อาคารรุ่งโรจน์ธนกุล ชั้น 8 ถนนรัชดาภิเษก แขวงห้วยขวาง เขตห้วยขวาง กรุงเทพมหานคร,10310,0-2150-8560,0-2150-8563,https://www.tqr.co.th,
TR,บริษัท ไทยเรยอน จำกัด (มหาชน),SET,สินค้าอุปโภคบริโภค,แฟชั่น,"อาคารมหาทุนพลาซ่า ชั้น 16, 888/160-161 ถนนเพลินจิต แขวงลุมพินี เขตปทุมวัน กรุงเทพมหานคร",10330,"0-2626-6377,0-2626-6383,0-2253-6749-53",-,www.thairayon.com,
TRC,บริษัท ทีอาร์ซี คอนสตรัคชั่น จำกัด (มหาชน),SET,อสังหาริมทรัพย์และก่อสร้าง,บริการรับเหมาก่อสร้าง,เลขที่ 8 ซอยสุขาภิบาล 5 ซอย 32 แขวงท่าแร้ง เขตบางเขน กรุงเทพมหานคร,10220,0-2022-7777,0-2022-7788,www.trc-con.com,
TRITN,บริษัท ไทรทัน โฮลดิ้ง จำกัด (มหาชน),SET,อสังหาริมทรัพย์และก่อสร้าง,บริการรับเหมาก่อสร้าง,เลขที่ 60 ซอยประดิษฐ์มนูธรรม 19 ถนนประดิษฐ์มนูธรรม แขวงลาดพร้าว เขตลาดพร้าว กรุงเทพมหานคร,10230,0-2553-5000,0-2553-5091,www.triton.co.th,
TRP,บริษัท เอสเตติก คอนเนค จำกัด (มหาชน),mai,บริการ,-,เลขที่ 549 ถนนสมเด็จพระเจ้าตากสิน แขวงสำเหร่ เขตธนบุรี กรุงเทพมหานคร,10600,0-2438-4444,-,teerapornclinic.com,
TRT,บริษัท ถิรไทย จำกัด (มหาชน),mai,สินค้าอุตสาหกรรม,-,"นิคมอุตสาหกรรมบางปู, 516/1 หมู่ 4 ถนนสุขุมวิท ตำบลแพรกษา อำเภอเมือง สมุทรปราการ",10280,0-2769-7699,-,www.tirathai.co.th,
TRU,บริษัท ไทยรุ่งยูเนียนคาร์ จำกัด (มหาชน),SET,สินค้าอุตสาหกรรม,ยานยนต์,304 ถนนมาเจริญ แขวงหนองค้างพลู เขตหนองแขม กรุงเทพมหานคร,10160,"0-2420-0076, 0-2431-0065, 0-2431-0071-2","0-2812-0844, 0-2420-3664, 0-2814-5030",http://www.thairung.co.th,
TRUBB,บริษัท ไทยรับเบอร์ลาเท็คซ์กรุ๊ป จำกัด (มหาชน),SET,เกษตรและอุตสาหกรรมอาหาร,ธุรกิจการเกษตร,99/1-3 หมู่ 13 กฤษดานคร 21 ถนนบางนา-ตราด กม.7 ตำบลบางแก้ว อำเภอบางพลี สมุทรปราการ,10540,"0-2033-2333, 0-2033-2300-88",0-2033-2389-99,www.thaitex.com,
TRUE,บริษัท ทรู คอร์ปอเรชั่น จำกัด (มหาชน),SET,เทคโนโลยี,เทคโนโลยีสารสนเทศและการสื่อสาร,18 อาคารทรู ทาวเวอร์ ถนนรัชดาภิเษก แขวงห้วยขวาง เขตห้วยขวาง กรุงเทพมหานคร,10310,0-2859-1111,-,http://www.truecorp.co.th,
TRV,บริษัท ที.อาร์.วี. รับเบอร์ โปรดักส์ จำกัด (มหาชน),mai,สินค้าอุตสาหกรรม,-,"40,88/8-9 ซอยเอกชัย 76 แยก 1-3-1 แขวงคลองบางพราน เขตบางบอน กรุงเทพมหานคร",10150,0-2451-1562-3,0-2451-2885,www.trvrubber.co.th,
TSC,บริษัท ไทยสตีลเคเบิล จำกัด (มหาชน),SET,สินค้าอุตสาหกรรม,ยานยนต์,เลขที่ 700/737 หมู่ที่ 1 ตำบลพานทอง อำเภอพานทอง ชลบุรี,20160,0-3844-7200-205,-,www.tscpcl.com,
TSE,บริษัท ไทย โซล่าร์ เอ็นเนอร์ยี่ จำกัด (มหาชน),SET,ทรัพยากร,พลังงานและสาธารณูปโภค,เลขที่ 725 อาคารเอส เมโทร ชั้นที่ 19 ถนนสุขุมวิท แขวงคลองตันเหนือ เขตวัฒนา กรุงเทพมหานคร,10110,0-2258-4530-3,0-2258-4534,http://www.thaisolarenergy.com,
TSI,บริษัท ไทยเศรษฐกิจประกันภัย จำกัด (มหาชน),SET,ธุรกิจการเงิน,ประกันภัยและประกันชีวิต,เลขที่ 87 เอ็ม.ไทย ทาวเวอร์ ออลซีซั่นส์ เพลส ชั้น15 ห้องเลขที่ 1 และ 4-6 ถนนวิทยุ แขวงลุมพินี เขตปทุมวัน กรุงเทพมหานคร,10330,0-2853-8888,0-2853-8889,www.tsi.co.th,
TSR,บริษัท ทีเอสอาร์ ลิฟวิ่ง โซลูชั่น จำกัด (มหาชน),SET,สินค้าอุปโภคบริโภค,ของใช้ในครัวเรือนและสำนักงาน,43/9 หมู่ที่ 7 ซอยชูชาติอนุสรณ์ 4 ตำบลบางตลาด อำเภอปากเกร็ด นนทบุรี,11120,0-2819-8899,0-2962-6675,https://www.tsrplc.com,
TSTE,บริษัท ทีเอสทีอี จำกัด (มหาชน),SET,บริการ,ขนส่งและโลจิสติกส์,90 หมู่ 1 ซอยสยามไซโล ถนนปู่เจ้าสมิงพราย ตำบลสำโรงกลาง อำเภอพระประแดง สมุทรปราการ,10130,0-2183-4567,"0-2183-4561, 0-2183-4562",www.tstegroup.com,
TSTH,บริษัท ทาทา สตีล (ประเทศไทย) จำกัด (มหาชน),SET,สินค้าอุตสาหกรรม,เหล็ก และ ผลิตภัณฑ์โลหะ,เลขที่ 555 อาคาร รสา วัน (อาคาร บี) ชั้น 20 ถนนพหลโยธิน แขวงจตุจักร เขตจตุจักร กรุงเทพมหานคร,10900,0-2937-1000,0-2937-1223-4,www.tatasteelthailand.com,
TTA,บริษัท โทรีเซนไทย เอเยนต์ซีส์ จำกัด (มหาชน),SET,บริการ,ขนส่งและโลจิสติกส์,"อาคารอรกานต์ ชั้น 8, 26/26-27 ซอยชิดลม ถนนเพลินจิต แขวงลุมพินี เขตปทุมวัน กรุงเทพมหานคร",10330,0-2250-0569-74,"0-2657-1038, 0-2655-5631",http://www.thoresen.com,
TTB,ธนาคารทหารไทยธนชาต จำกัด (มหาชน),SET,ธุรกิจการเงิน,ธนาคาร,3000 ถนนพหลโยธิน แขวงจอมพล เขตจตุจักร กรุงเทพมหานคร,10900,"0-2299-1111, 0-2617-9111",0-2299-2758,https://www.ttbbank.com,
TTCL,บริษัท ทีทีซีแอล จำกัด (มหาชน),SET,อสังหาริมทรัพย์และก่อสร้าง,บริการรับเหมาก่อสร้าง,"159/42-44 อาคารเสริมมิตรทาวเวอร์ ชั้น 28 - 30, สุขุมวิท 21 (อโศก) แขวงคลองเตยเหนือ เขตวัฒนา กรุงเทพมหานคร",10110,0-2260-8505,0-2260-8525-6,www.ttcl.com,
TTI,บริษัท โรงงานผ้าไทย จำกัด (มหาชน),SET,สินค้าอุปโภคบริโภค,แฟชั่น,385 หมู่1 ซอยบางเมฆขาว ถนนสุขุมวิท ตำบลท้ายบ้าน อำเภอเมือง สมุทรปราการ,10280,0-2703-8484,"0-2387-1983, 0-2387-0894",www.tti.co.th,
TTLPF,กองทุนรวมสิทธิการเช่าอสังหาริมทรัพย์ตลาดไท,SET,อสังหาริมทรัพย์และก่อสร้าง,กองทุนรวมอสังหาริมทรัพย์และกองทรัสต์เพื่อการลงทุนในอสังหาริมทรัพย์,เลขที่ 1 อาคารเอ็มไพร์ทาวเวอร์ ชั้น 32 ถนนสาทรใต้ แขวงยานนาวา เขตสาทร กรุงเทพมหานคร,10120,0-2686-6100,0-2670-0430,-,
TTT,บริษัท โทเร เท็กซ์ไทล์ (ประเทศไทย) จำกัด (มหาชน),SET,สินค้าอุปโภคบริโภค,แฟชั่น,อาคารบุปผจิต ชั้น 5 เลขที่ 20 ถนนสาทรเหนือ แขวงสีลม เขตบางรัก กรุงเทพมหานคร,10500,0-2266-6600-7,0-2238-3957-8,www.toray.co.th,
TTW,บริษัท ทีทีดับบลิว จำกัด (มหาชน),SET,ทรัพยากร,พลังงานและสาธารณูปโภค,30/130 หมู่ 12 ถนนพุทธมณฑลสาย 5 ตำบลไร่ขิง อำเภอสามพราน นครปฐม,73210,"0-2019-9490-3, 0-2019-9484-9",0-2420-6064,http://www.ttwplc.com,
TU,บริษัท ไทยยูเนี่ยน กรุ๊ป จำกัด (มหาชน),SET,เกษตรและอุตสาหกรรมอาหาร,อาหารและเครื่องดื่ม,"อาคารเอส เอ็ม ทาวเวอร์ ชั้น M, 979/12 ถนนพหลโยธิน แขวงพญาไท เขตพญาไท กรุงเทพมหานคร",10400,"0-2298-0024, 0-2298-0537-41",0-2298-0553,thaiunion.com,
TU-PF,กองทุนรวมสิทธิการเช่าอสังหาริมทรัพย์ ที ยู โดม เรสซิเดนท์เชียล คอมเพล็กซ์,SET,อสังหาริมทรัพย์และก่อสร้าง,กองทุนรวมอสังหาริมทรัพย์และกองทรัสต์เพื่อการลงทุนในอสังหาริมทรัพย์,"ชั้น 23A, 25 อาคารเอเซียเซ็นเตอร์ เลขที่ 173/27-30, 32-33 ถนนสาทรใต้ แขวงทุ่งมหาเมฆ เขตสาทร กรุงเทพมหานคร",10120,0-2786-2000,0-2786-2370-74,-,
TURBO,บริษัท เงินเทอร์โบ จำกัด (มหาชน),SET,ธุรกิจการเงิน,เงินทุนและหลักทรัพย์,เลขที่ 500 หมู่ที่ 3 ตำบล/แขวง บ้านใหม่ อำเภอ/เขต ปากเกร็ด นนทบุรี,11120,09-6294-1835,-,https://www.turbo.co.th/,
TURTLE,บริษัท ซุปเปอร์ เทอร์เทิล จำกัด (มหาชน),mai,บริการ,-,1000/9 บีทีเอส วิชันนารี ปาร์ค - เซาธ์ ทาวเวอร์ ชั้นที่ 19 ห้องเลขที่ 1901-1907 ถนนพหลโยธิน แขวงจอมพล เขตจตุจักร กรุงเทพมหานคร,10900,0-2091-5900,0-2091-5928,www.superturtle.co.th,
TVDH,บริษัท ทีวีดี โฮลดิ้งส์ จำกัด (มหาชน),mai,บริการ,-,เลขที่ 25 ถ.วัชรพล แขวงท่าแร้ง เขตบางเขน กรุงเทพมหานคร,10230,0-2666-0999,0-2666-0488,http://www.tvdirect.tv,
TVH,บริษัท ไทยวิวัฒน์ โฮลดิ้งส์ จำกัด (มหาชน),SET,ธุรกิจการเงิน,ประกันภัยและประกันชีวิต,เลขที่ 2 ซอยอรรณพนฤมิตร ถนนดินแดง แขวงสามเสนใน เขตพญาไท กรุงเทพมหานคร,10400,"0-2200-7307-8,0-2200-7412",0-2248-4406,https://thaivivatholdings.com,
TVO,บริษัท น้ำมันพืชไทย จำกัด (มหาชน),SET,เกษตรและอุตสาหกรรมอาหาร,อาหารและเครื่องดื่ม,149 ถนนรัชดาภิเษก (ท่าพระ-ตากสิน) แขวงบุคคโล เขตธนบุรี กรุงเทพมหานคร,10600,0-2477-9020,"0-2477-9880, 0-2477-9894",www.tvothai.com,
TVT,บริษัท ทีวี ธันเดอร์ จำกัด (มหาชน),mai,บริการ,-,1213/309-310 ซอยลาดพร้าว 94 (ปัญจมิตร) ถนนศรีวรา แขวงพลับพลา เขตวังทองหลาง กรุงเทพมหานคร,10310,0-2559-0022,0-2559-3609,http://www.tvthunder.co.th,
TWP,บริษัท ไทยไวร์โพรดัคท์ จำกัด (มหาชน),SET,สินค้าอุตสาหกรรม,เหล็ก และ ผลิตภัณฑ์โลหะ,เลขที่ 101/88 หมู่ที่ 20 นิคมอุตสาหกรรมนวนคร ต.คลองหนึ่ง อ.คลองหลวง ปทุมธานี,12120,0-2520-3855-64,0-2520-3865-66,www.thaiwireproducts.com,
TWPC,บริษัท ไทยวา จำกัด (มหาชน),SET,เกษตรและอุตสาหกรรมอาหาร,อาหารและเครื่องดื่ม,"เลขที่ 21/11, 21/13 อาคารไทยวา 1 ชั้น 6 ถนนสาทรใต้ แขวงทุ่งมหาเมฆ เขตสาทร กรุงเทพมหานคร",10120,0-2285-0040,0-2285-0268,www.thaiwah.com,
TWZ,บริษัท ทีดับบลิวแซด คอร์ปอเรชั่น จำกัด (มหาชน),SET,เทคโนโลยี,เทคโนโลยีสารสนเทศและการสื่อสาร,เลขที่ 269 ถนนรัชดาภิเษก แขวงรัชดาภิเษก เขตดินแดง กรุงเทพมหานคร,10400,0-2275-9789,0-2275-9798,www.twz.co.th,
TYCN,บริษัทไทยคูน เวิลด์ไวด์ กรุ๊ป (ประเทศไทย) จำกัด (มหาชน),SET,สินค้าอุตสาหกรรม,เหล็ก และ ผลิตภัณฑ์โลหะ,99 หมู่ 1 ตำบลนิคมพัฒนา อำเภอนิคมพัฒนา ระยอง,21180,0-3365-8558,0-3863-6969,www.tycons.com,
UAC,บริษัท ยูเอซี โกลบอล จำกัด (มหาชน),SET,สินค้าอุตสาหกรรม,ปิโตรเคมีและเคมีภัณฑ์,เลขที่ 1 อาคาร ทีพี แอนด์ ที ชั้น 19 ซอยวิภาวดีรังสิต 19 ถนนวิภาวดีรังสิต แขวงจตุจักร เขตจตุจักร กรุงเทพมหานคร,10900,0-2936-1701,0-2936-1700,www.uac.co.th,
UBA,บริษัท ยูทิลิตี้ บิสิเนส อัลลายแอนซ์ จำกัด (มหาชน),mai,บริการ,-,ชั้น 21 อาคาร ซันทาวเวอร์ส เอ เลขที่ 123 ถนนวิภาวดีรังสิต แขวงจอมพล เขตจตุจักร กรุงเทพมหานคร,10900,0-2789-3232,0-2617-8130,www.uba.co.th,
UBE,บริษัท อุบล ไบโอ เอทานอล จำกัด (มหาชน),SET,ทรัพยากร,พลังงานและสาธารณูปโภค,130-132 อาคารสินธร ทาวเวอร์ 2 ชั้น 7 ถนนวิทยุ แขวงลุมพินี เขตปทุมวัน กรุงเทพมหานคร,10330,0-2273-8666,0-2273-8668,www.ubonbioethanol.com,
UBIS,บริษัท ยูบิส (เอเชีย) จำกัด (มหาชน),mai,สินค้าอุตสาหกรรม,-,เลขที่ 238 อาคารไทยรุ่งเรือง ชั้น 15 ยูนิตที่ 4-6 ถนนนราธิวาสราชนครินทร์ แขวงช่องนนทรี เขตยานนาวา กรุงเทพมหานคร,10120,0-2683-0008,0-2294-2013,www.ubisasia.com,
UEC,บริษัท ยูนิมิต เอนจิเนียริ่ง จำกัด (มหาชน),mai,สินค้าอุตสาหกรรม,-,109/92-95 หมู่ 19 ซอยสุขสวัสดิ์ 66 ถนนสุขสวัสดิ์ ตำบลบางพึ่ง อำเภอพระประแดง สมุทรปราการ,10130,0-2463-0100,0-2463-1910,www.unimit.com,
UKEM,บริษัท ยูเนี่ยน ปิโตรเคมีคอล จำกัด (มหาชน),mai,สินค้าอุตสาหกรรม,-,"อาคารยูเนี่ยนเฮ้าส์, 728 ถนนบรมราชชนนี แขวงบำหรุ เขตบางพลัด กรุงเทพมหานคร",10700,0-2881-8288,0-2433-7243-4,http://www.unionpetrochemical.com,
UMI,บริษัท สหโมเสคอุตสาหกรรม จำกัด (มหาชน),SET,อสังหาริมทรัพย์และก่อสร้าง,วัสดุก่อสร้าง,"อาคารชำนาญ เพ็ญชาติ บิซเนส เซ็นเตอร์ ชั้น 29, 65 ถนนพระราม 9 เขตห้วยขวาง กรุงเทพมหานคร",10320,0-2248-7007-65,0-2248-7005-6,www.umi-tiles.com,
UMS,บริษัท ยูนิค ไมนิ่ง เซอร์วิสเซส จำกัด (มหาชน),mai,ทรัพยากร,-,26/23 อาคาร อรกานต์ ชั้น 7 ซอยชิดลม ถนนเพลินจิต แขวงลุมพินี เขตปทุมวัน กรุงเทพมหานคร,10330,0-2655-7501-2,0-2655-7501-2,www.umspcl.com,
UNIQ,บริษัท ยูนิค เอ็นจิเนียริ่ง แอนด์ คอนสตรัคชั่น จำกัด (มหาชน),SET,อสังหาริมทรัพย์และก่อสร้าง,บริการรับเหมาก่อสร้าง,"จัสมิน อินเตอร์เนชั่นแนลทาวเวอร์ ชั้น 15, 200 หมู่ 4 ถนนแจ้งวัฒนะ ตำบลปากเกร็ด อำเภอปากเกร็ด นนทบุรี",11120,0-2582-1888,0-2582-3196,http://www.unique.co.th,
UOBKH,บริษัทหลักทรัพย์ ยูโอบี เคย์เฮียน (ประเทศไทย) จำกัด (มหาชน),SET,ธุรกิจการเงิน,เงินทุนและหลักทรัพย์,เลขที่ 130-132 อาคารสินธร ทาวเวอร์ 1 ชั้น 3 ถนนวิทยุ แขวงลุมพินี เขตปทุมวัน กรุงเทพมหานคร,10330,"0-2659-8000,0-2090-3333",-,https://www.utrade.co.th/,
UP,บริษัท ยูเนี่ยนพลาสติก จำกัด (มหาชน),SET,สินค้าอุตสาหกรรม,ปิโตรเคมีและเคมีภัณฑ์,11/1 หมู่ 14 นิคมอุตสาหกรรมบางชัน ถนนเสรีไทย แขวงมีนบุรี เขตมีนบุรี กรุงเทพมหานคร,10510,0-2517-0109-14,0-2517-0529,www.unionplastic.co.th,
UPF,บริษัท ยูเนี่ยนไพโอเนียร์ จำกัด (มหาชน),SET,สินค้าอุปโภคบริโภค,แฟชั่น,เลขที่ 1 ซอยเสรีไทย 62 แขวงมีนบุรี เขตมีนบุรี กรุงเทพมหานคร,10510,0-2517-0105-8,"0-2517-0345, 0-2517-9056",www.unionpioneer.co.th,
UPOIC,บริษัท สหอุตสาหกรรมน้ำมันปาล์ม จำกัด (มหาชน),SET,เกษตรและอุตสาหกรรมอาหาร,ธุรกิจการเกษตร,64 ชั้น 1 ซอยบางนา-ตราด 25 แขวงบางนา เขตบางนา กรุงเทพมหานคร,10260,0-2744-1046-8,0-2744-1049,www.upoic.co.th,
UREKA,บริษัท ยูเรกา ดีไซน์ จำกัด (มหาชน),mai,สินค้าอุตสาหกรรม,-,เลขที่ 19 หมู่ที่ 11 ตำบลลาดสวาย อำเภอลำลูกกา ปทุมธานี,12150,0-2192-3737,0-2192-3743-44,http://www.eurekadesign.co.th,
UTP,บริษัท ยูไนเต็ด เปเปอร์ จำกัด (มหาชน),SET,สินค้าอุตสาหกรรม,กระดาษและวัสดุการพิมพ์,เลขที่ 17 ซอยสุภาร่วม แขวงวงศ์สว่าง เขตบางซื่อ กรุงเทพมหานคร,10800,0-2910-2700-8,0-2910-2709,www.unitedpaper.co.th,
UV,บริษัท ยูนิเวนเจอร์ จำกัด (มหาชน),SET,อสังหาริมทรัพย์และก่อสร้าง,พัฒนาอสังหาริมทรัพย์,57 ปาร์คเวนเชอร์ อีโคเพล็กซ์ ชั้น 22 ถนนวิทยุ แขวงลุมพินี เขตปทุมวัน กรุงเทพมหานคร,10330,0-2643-7100,0-2256-0505,www.univentures.co.th,
UVAN,บริษัท ยูนิวานิชน้ำมันปาล์ม จำกัด (มหาชน),SET,เกษตรและอุตสาหกรรมอาหาร,ธุรกิจการเกษตร,เลขที่ 258 ถนนอ่าวลึก-แหลมสัก ต.อ่าวลึกใต้ อ.อ่าวลึก กระบี่,81110,"0-7568-1116,0-7568-1126",-,www.univanich.com,
VARO,บริษัท วโรปกรณ์ จำกัด (มหาชน),SET,สินค้าอุตสาหกรรม,วัสดุอุตสาหกรรมและเครื่องจักร,181 ซอยอมร ถนนนางลิ้นจี่ แขวงช่องนนทรี เขตยานนาวา กรุงเทพมหานคร,10120,"0-2213-2514-7, 0-2231-2544",0-2287-2031,http://www.varopakorn.com,
VCOM,บริษัท วินท์คอม เทคโนโลยี จำกัด (มหาชน),mai,เทคโนโลยี,-,เลขที่ 159/21 อาคารเสริมมิตร ทาวเวอร์ ชั้น 14 ห้อง 1401 ถนนสุขุมวิท 21 (อโศก) แขวงคลองเตยเหนือ เขตวัฒนา กรุงเทพมหานคร,10110,0-2661-7979,0-2661-7969,www.vintcom.co.th,
VGI,บริษัท วีจีไอ จำกัด (มหาชน),SET,บริการ,สื่อและสิ่งพิมพ์,เลขที่ 1000/9 อาคารบีทีเอส วิชันนารี ปาร์ค - เซาธ์ ทาวเวอร์ ชั้นที่ 27 ถนนพหลโยธิน แขวงจอมพล เขตจตุจักร กรุงเทพมหานคร,10900,0-2273-8884,0-2273-8883,www.vgi.co.th,
VIBHA,บริษัท โรงพยาบาลวิภาวดี จำกัด (มหาชน),SET,บริการ,การแพทย์,51/3 ถนนงามวงศ์วาน แขวงลาดยาว เขตจตุจักร กรุงเทพมหานคร,10900,"0-2579-9680-4, 0-2561-1258-67, 0-2941-2800","0-2561-1466, 0-2561-1462",http://www.vibhavadi.com,
VIH,บริษัท ศรีวิชัยเวชวิวัฒน์ จำกัด (มหาชน),SET,บริการ,การแพทย์,เลขที่ 74/5 หมู่ 4 ถนนเพชรเกษม ตำบลอ้อมน้อย อำเภอกระทุ่มแบน สมุทรสาคร,74130,"0-2431-0070,1792",0-2431-1404,http://www.vichaivej.com,
VL,บริษัท วี.แอล.เอ็นเตอร์ไพรส์ จำกัด (มหาชน),mai,บริการ,-,41 ถนนอโศก-ดินแดง แขวงมักกะสัน เขตราชเทวี กรุงเทพมหานคร,10400,0-2254-6604,0-2254-8749,www.vltanker.com,
VNG,บริษัท วนชัย กรุ๊ป จำกัด (มหาชน),SET,อสังหาริมทรัพย์และก่อสร้าง,วัสดุก่อสร้าง,"2/1 ถนนวงศ์สว่าง แขวงวงศ์สว่าง, เขตบางซื่อ กรุงเทพมหานคร",10800,"0-2585-4900-3, 0-2913-2180-9",0-2587-9556,www.vanachai.com,
VPO,บริษัท วิจิตรภัณฑ์ปาล์มออยล์ จำกัด (มหาชน),SET,เกษตรและอุตสาหกรรมอาหาร,ธุรกิจการเกษตร,2044 อาคารชวนะนันท์ ถนนเพชรบุรีตัดใหม่ แขวงบางกะปิ เขตห้วยขวาง กรุงเทพมหานคร,10240,0-2314-4101-5,0-2319-7989,www.vcbpalmoil.com,
VRANDA,บริษัท วีรันดา รีสอร์ท จำกัด (มหาชน),SET,บริการ,การท่องเที่ยวและสันทนาการ,เลขที่ 555 อาคารรสาทาวเวอร์ ยูนิต 2701-2704 ชั้น 27 ถนนพหลโยธิน แขวงจตุจักร เขตจตุจักร กรุงเทพมหานคร,10900,0-2513-3003,0-2513-6844,https://www.verandaresort.com/,
VS,บริษัท วีเซิร์ฟ เอ็นเตอร์ไพรส์ จำกัด (มหาชน),mai,บริการ,-,เลขที่ 1252 ทรู ทาวเวอร์ 2 อาคาร 1 ชั้น 14-15 ถ.พัฒนาการ แขวงสวนหลวง เขตสวนหลวง กรุงเทพมหานคร,10250,0-2765-3999,-,www.gsc-servicecenter.com,
WACOAL,บริษัท ไทยวาโก้ จำกัด (มหาชน),SET,สินค้าอุปโภคบริโภค,แฟชั่น,132 ซอยเจริญราษฎร์ 7 แขวงบางโคล่ เขตบางคอแหลม กรุงเทพมหานคร,10120,"0-2289-3100-9, 0-2689-8300",0-2291-1788,www.wacoal.co.th,
WARRIX,บริษัท วอริกซ์ สปอร์ต จำกัด (มหาชน),mai,สินค้าอุปโภคบริโภค,-,849/6-8 ถนนพระรามที่ 6 แขวงวังใหม่ เขตปทุมวัน กรุงเทพมหานคร,10330,0-2117-1300,-,www.warrix.co.th,
WASH,บริษัท ลอนดรี้ ยู จำกัด (มหาชน),mai,บริการ,-,เลขที่ 689 หมู่ที่ 10 ตำบล/แขวง สำโรงเหนือ อำเภอ/เขต เมืองสมุทรปราการ สมุทรปราการ,10270,0-2666-4646,-,https://www.washxpressth.com/,
WAVE,บริษัท เวฟ เอกซ์โพเนนเชียล จำกัด (มหาชน),SET,บริการ,บริการเฉพาะกิจ,"เลขที่ 2445/19,21 อาคารธารารมณ์ บิสซิเนส ทาวเวอร์ ชั้น 14 ถนน เพชรบุรีตัดใหม่ แขวงบางกะปิ เขตห้วยขวาง กรุงเทพมหานคร",10310,0-2665-6705,-,http://www.wave-groups.com,
WELL,บริษัท เวล แมเนจเม้นท์ คอร์ปอเรชั่น จำกัด (มหาชน),mai,อสังหาริมทรัพย์และก่อสร้าง,-,เลขที่ 21/2 โครงการมินท์ทาวเวอร์ ชั้น 3 ซอยหัวหมาก 19 ถนนหัวหมาก แขวงหัวหมาก เขตบางกะปิ กรุงเทพมหานคร,10240,0-2121-7819,-,http://www.wellmanagement.co.th,
WFX,บริษัท เวิลด์เฟล็กซ์ จำกัด (มหาชน),SET,สินค้าอุปโภคบริโภค,แฟชั่น,เลขที่ 1/7 อาคารบางนาธานี ชั้นที่ 3 ห้อง 3B ซอยบางนา-ตราด 34 แขวงบางนาใต้ เขตบางนา กรุงเทพมหานคร,10260,0-2398-7188,0-2398-7187,https://www.worldflex.net/,
WGE,บริษัท เวล เกรด เอ็นจิเนียริ่ง จำกัด (มหาชน),SET,อสังหาริมทรัพย์และก่อสร้าง,บริการรับเหมาก่อสร้าง,เลขที่ 50/1203 หมู่ 9 ตำบลบางพูด อำเภอปากเกร็ด นนทบุรี,11120,0-2981-7992?4,"0-2981-7995, 0-2981-7970",www.well-graded.com,
WHA,บริษัท ดับบลิวเอชเอ คอร์ปอเรชั่น จำกัด (มหาชน),SET,อสังหาริมทรัพย์และก่อสร้าง,พัฒนาอสังหาริมทรัพย์,เลขที่ 777 อาคารดับบลิวเอชเอ ทาวเวอร์ ชั้น 23-25 หมู่ที่ 13 ถนนเทพรัตน (บางนา-ตราด) กม.7 ตำบลบางแก้ว อำเภอบางพลี สมุทรปราการ,10540,0-2753-3750,0-2753-2750,https://www.wha-group.com,
WHABT,ทรัสต์เพื่อการลงทุนในอสังหาริมทรัพย์และสิทธิการเช่าดับบลิวเอชเอ บิสซิเนส คอมเพล็กซ์,SET,อสังหาริมทรัพย์และก่อสร้าง,กองทุนรวมอสังหาริมทรัพย์และกองทรัสต์เพื่อการลงทุนในอสังหาริมทรัพย์,777 อาคารดับบลิวเอชเอ ทาวเวอร์ ชั้น 22 หมู่ที่ 13 ถนนเทพรัตน (บางนา-ตราด) กม.7 ตำบลบางแก้ว อำเภอบางพลี สมุทรปราการ,10540,0-2753-3159,0-2753-3527,www.whabt.com,
WHAIR,ทรัสต์เพื่อการลงทุนในสิทธิการเช่าอสังหาริมทรัพย์ดับบลิวเอชเอ อินดัสเตรียล,SET,อสังหาริมทรัพย์และก่อสร้าง,กองทุนรวมอสังหาริมทรัพย์และกองทรัสต์เพื่อการลงทุนในอสังหาริมทรัพย์,เลขที่ 777 อาคารดับบลิวเอชเอ ทาวเวอร์ ห้อง 2101 ชั้น 21 หมู่ 13 ถนนเทพรัตน (บางนา-ตราด) กม. 7 ตำบลบางแก้ว อำเภอบางพลี สมุทรปราการ,10540,0-2719-9557,-,https://wha-ir.com/,
WHART,ทรัสต์เพื่อการลงทุนในอสังหาริมทรัพย์และสิทธิการเช่าดับบลิวเอชเอ พรีเมี่ยม โกรท,SET,อสังหาริมทรัพย์และก่อสร้าง,กองทุนรวมอสังหาริมทรัพย์และกองทรัสต์เพื่อการลงทุนในอสังหาริมทรัพย์,777 อาคารดับบลิวเอชเอ ทาวเวอร์ ชั้น 22 หมู่ที่ 13 ถนนเทพรัตน (บางนา-ตราด) กม.7 ตำบลบางแก้ว อำเภอบางพลี สมุทรปราการ,10540,0-2753-3159,0-2753-3527,www.whareit.com,
WHAUP,บริษัท ดับบลิวเอชเอ ยูทิลิตี้ส์ แอนด์ พาวเวอร์ จำกัด (มหาชน),SET,ทรัพยากร,พลังงานและสาธารณูปโภค,เลขที่ 777 อาคารดับบลิวเอชเอ ทาวเวอร์ ชั้น 22 ห้องเลขที่ 2203-2205 หมู่ที่ 13 ถนนเทพรัตน (บางนา-ตราด) กม.7 ต. บางแก้ว อ. บางพลี สมุทรปราการ,10540,0-2719-9559,0-2719-9558,www.wha-up.com,
WICE,บริษัท ไวส์ โลจิสติกส์ จำกัด (มหาชน),SET,บริการ,ขนส่งและโลจิสติกส์,อาคาร WICE PLACE เลขที่ 88/8 ถนนนนทรี แขวงช่องนนทรี เขตยานนาวา กรุงเทพมหานคร,10120,0-2681-6181,0-2681-6173-75,www.wice.co.th,
WIIK,บริษัท วิค จำกัด (มหาชน),SET,อสังหาริมทรัพย์และก่อสร้าง,วัสดุก่อสร้าง,เลขที่ 90 อาคารซีดับเบิ้ลยู ทาวเวอร์ บี ชั้น 21 ถนนรัชดาภิเษก แขวงห้วยขวาง เขตห้วยขวาง กรุงเทพมหานคร,10310,0-2612-8600,0-2645-2828-9,www.wiik.co.th,
WIN,บริษัท สวนอุตสาหกรรม วินโคสท์ จำกัด (มหาชน),SET,อสังหาริมทรัพย์และก่อสร้าง,พัฒนาอสังหาริมทรัพย์,เลขที่ 105 หมู่ที่ 3 ถนนบางนา-ตราด ตำบลท่าข้าม อำเภอบางปะกง ฉะเชิงเทรา,24130,0-3857-3162-3,0-3857-3218,www.wyncoast.com,
WINDOW,บริษัท วินโดว์ เอเชีย จำกัด (มหาชน),SET,อสังหาริมทรัพย์และก่อสร้าง,วัสดุก่อสร้าง,15/1 หมู่ที่ 1 ถนนพระรามที่ 2 ตำบลบางน้ำจืด อำเภอเมืองสมุทรสาคร สมุทรสาคร,74000,02-123-1734-5,02-123-7333,http://windowasia.com,
WINMED,บริษัท วินเนอร์ยี่ เมดิคอล จำกัด (มหาชน),mai,สินค้าอุปโภคบริโภค,-,634/4 ซอยรามคำแหง 39 (เทพลีลา 1) ถนนประชาอุทิศ แขวงวังทองหลาง เขตวังทองหลาง กรุงเทพมหานคร,10310,0-2725-0888,0-2725-0880,http://www.winnergymedical.co.th,
WINNER,บริษัท วินเนอร์กรุ๊ป เอ็นเตอร์ไพรซ์ จำกัด (มหาชน),mai,เกษตรและอุตสาหกรรมอาหาร,-,43 อาคารไทยซีซีทาวเวอร์ ชั้น 21 ห้อง 214-219 ถนนสาทรใต้ แขวงยานนาวา เขตสาทร กรุงเทพมหานคร,10120,0-2675-6525,0-2675-6544,www.winnergroup.co.th,
WORK,บริษัท เวิร์คพอยท์ เอ็นเทอร์เทนเมนท์ จำกัด (มหาชน),SET,บริการ,สื่อและสิ่งพิมพ์,99 หมู่ 2 ตำบลบางพูน อำเภอเมือง ปทุมธานี,12000,0-2833-2000,0-2833-2999,http://www.workpoint.co.th,
WP,บริษัท ดับบลิวพี เอ็นเนอร์ยี่ จำกัด (มหาชน),SET,ทรัพยากร,พลังงานและสาธารณูปโภค,เลขที่ 1 อาคารอีสท์ วอเตอร์ ชั้น 15 ซอยวิภาวดีรังสิต 5 ถนนวิภาวดีรังสิต แขวงจอมพล เขตจตุจักร กรุงเทพมหานคร,10900,0-2272-3322,0-2272-0655,www.wp-energy.co.th,
WPH,บริษัท โรงพยาบาลวัฒนแพทย์ ตรัง จำกัด (มหาชน),SET,บริการ,การแพทย์,247/2 ถนนพัทลุง ตำบลทับเที่ยง อำเภอเมือง ตรัง,92000,0-7520-5555,0-7520-5460,http://www.wattanapat.co.th/,
WSOL,บริษัท ดับบลิว เอส โอ แอล จำกัด (มหาชน),SET,บริการ,พาณิชย์,เลขที่ 238 ถนนบางขุนเทียน-ชายทะเล แขวงแสมดำ เขตบางขุนเทียน กรุงเทพมหานคร,10150,0-2451-5335,0-2451-5338,https://wsol.co.th,
XBIO,บริษัท เอ็กซ์ ไบโอไซเอนซ์ จำกัด (มหาชน),SET,เกษตรและอุตสาหกรรมอาหาร,อาหารและเครื่องดื่ม,เลขที่ 304 อาคารวานิช เพลซ อารีย์ (อาคารA) ชั้นที่ 18 ห้องเลขที่ 1803-1806 ถนนพหลโยธิน แขวงสามเสนใน เขตพญาไท กรุงเทพมหานคร,10400,0-2278-5456,-,http://www.xbio.co.th,
XO,บริษัท เอ็กโซติค ฟู้ด จำกัด (มหาชน),mai,เกษตรและอุตสาหกรรมอาหาร,-,เลขที่ 130-132 อาคารสินธร ทาวเวอร์ 2 ชั้น 9 ถนนวิทยุ แขวงลุมพินี เขตปทุมวัน กรุงเทพมหานคร,10330,0-2650-7779,-,www.exoticfoodthailand.com,
XPG,บริษัท เอ็กซ์สปริง แคปปิตอล จำกัด (มหาชน),SET,ธุรกิจการเงิน,เงินทุนและหลักทรัพย์,เลขที่ 59 สิริ แคมปัส อาคาร ดี ชั้น 2 ซอยริมคลองพระโขนง แขวงพระโขนงเหนือ เขตวัฒนา กรุงเทพมหานคร,10110,0-2030-3730,-,www.xspringcapital.com,
XYZ,บริษัท อาร์เอสเอ็กซ์วายแซด จำกัด (มหาชน),SET,เทคโนโลยี,เทคโนโลยีสารสนเทศและการสื่อสาร,เลขที่ 27 อาคารเชษฐโชติ ทาวเวอร์ เอ ชั้นที่ 9 ถนนประเสริฐมนูกิจ แขวงเสนานิคม เขตจตุจักร กรุงเทพมหานคร,10900,0-2037-8122,-,www.rsxyz.com,
YGG,บริษัท อิ๊กดราซิล กรุ๊ป จำกัด (มหาชน),mai,บริการ,-,348 ซอยลาดพร้าว 94 (ปัญจมิตร) แขวงพลับพลา เขตวังทองหลาง กรุงเทพมหานคร,10310,0-2934-4364,0-2934-4560,http://www.ygg-cg.com,
YONG,บริษัท ยงคอนกรีต จำกัด (มหาชน),mai,อสังหาริมทรัพย์และก่อสร้าง,-,เลขที่ 148/9 หมู่ที่ 3 ตำบลวังขนาย อำเภอท่าม่วง กาญจนบุรี,71110,0-3451-0561-65,0-3451-0561 ext. 501,www.yongconcrete.co.th,
YUASA,บริษัท ยัวซ่าแบตเตอรี่ ประเทศไทย จำกัด (มหาชน),mai,สินค้าอุตสาหกรรม,-,164 หมู่ 5 ซอยเทศบาล 55 ถนนสุขุมวิท ตำบลท้ายบ้านใหม่ อำเภอเมืองสมุทรปราการ สมุทรปราการ,10280,0-2769-7300,0-2769-7349,www.yuasathai.com,
ZAA,บริษัท ซาเล็คต้า จำกัด (มหาชน),SET,บริการ,สื่อและสิ่งพิมพ์,29 อาคารวานิสสา ทาวเวอร์บีชั้น 15 ยูนิต บี ซอยชิดลม ถนนเพลินจิต แขวงลุมพินี เขตปทุมวัน กรุงเทพมหานคร,10330,0-2254-5662,0-2254-5662,www.zalekta.com,
ZEN,บริษัท เซ็น คอร์ปอเรชั่น กรุ๊ป จำกัด (มหาชน),SET,เกษตรและอุตสาหกรรมอาหาร,อาหารและเครื่องดื่ม,เลขที่ 662 ซอยอ่อนนุช 17 แขวงสวนหลวง เขตสวนหลวง กรุงเทพมหานคร,10250,0-2019-5000 Ext.982,0-2030-5322,www.zengroup.co.th,
ZIGA,บริษัท ซิก้า อินโนเวชั่น จำกัด (มหาชน),mai,สินค้าอุตสาหกรรม,-,เลขที่ 8 หมู่ 10 ตำบลในคลองบางปลากด อำเภอพระสมุทรเจดีย์ สมุทรปราการ,10290,0-2096-5977,-,www.ziga.co.th,
